impl,threads,shards,mix,ops,ms,mops,machine,source,cpus,warmup_ms,delay_ms,cycles,instructions,task-clock,L1-dcache-load-misses,mem_load_l3_hit_retired.xsnp_hitm,context-switches,cycles_per_op,instructions_per_op,L1-dcache-load-misses_per_op,context-switches_per_op,mem_load_l3_hit_retired.xsnp_hitm_per_op,ipc,min_hardware_running_pct,perf_elapsed_s,busy_pct,effective_ghz,lock,repeat
sharded:mutex,8,1,80/10/10,20946944,20005,1.0470854286428393,Frontera,measurements/frontera-hitm-20261004-135123/part5/contention_mutex_r1.perf.txt,"0,2,4,6,8,10,12,14",127,226,267261629337.0,117871329808.0,91145.8,3100702810.0,468466832.0,13782351.0,12758.979512094938,5627.137295445102,148.0265001901948,0.657964760873949,22.364447625391083,0.44103349253839846,,20.177529895,56.46491448303217,2.9322429485176498,mutex,1
sharded:mutex,8,1,80/10/10,21044224,20005,1.0519482129467632,Frontera,measurements/frontera-hitm-20261004-135123/part5/contention_mutex_r2.perf.txt,"0,2,4,6,8,10,12,14",129,226,268752221443.0,116862046467.0,91488.89,3114308424.0,466351327.0,13627199.0,12770.83067748186,5553.1649191246015,147.98875092757044,0.6475505582909591,22.16053806498163,0.4348319274889619,,20.178594867,56.67446779806543,2.9375394262953676,mutex,2
sharded:mutex,8,1,80/10/10,20896768,20005,1.0445772556860784,Frontera,measurements/frontera-hitm-20261004-135123/part5/contention_mutex_r3.perf.txt,"0,2,4,6,8,10,12,14",126,226,268665265161.0,115136718062.0,91306.09,3066234365.0,459686546.0,13425970.0,12856.785564207825,5509.7859181860085,146.73246910718441,0.6424902645232028,21.99797337081026,0.42855081393943245,,20.176372518,56.56745899104439,2.9424681876203436,mutex,3
sharded:tas,8,1,80/10/10,23459840,20013,1.1722300504671963,Frontera,measurements/frontera-hitm-20261004-135123/part5/contention_tas_r1.perf.txt,"0,2,4,6,8,10,12,14",125,224,524430099138.0,9974670836.0,158918.16,1413232791.0,90842096.0,138.0,22354.376634196993,425.1806847787538,60.24051276564546,5.882393059799215e-06,3.872238514840681,0.019020019736462987,,20.178767727,98.44392020737789,3.300001076893918,tas,1
sharded:tas,8,1,80/10/10,23263232,20004,1.1629290141971604,Frontera,measurements/frontera-hitm-20261004-135123/part5/contention_tas_r2.perf.txt,"0,2,4,6,8,10,12,14",124,224,524563350221.0,9829570517.0,158958.26,1413010881.0,82092151.0,118.0,22549.031459644128,422.53675314762796,60.74009325101517,5.072382031869003e-06,3.528836878727771,0.018738576594912272,,20.175424344,98.48507848564337,3.300006871118242,tas,2
sharded:tas,8,1,80/10/10,23427072,20013,1.170592714735422,Frontera,measurements/frontera-hitm-20261004-135123/part5/contention_tas_r3.perf.txt,"0,2,4,6,8,10,12,14",125,228,524303117229.0,9870882701.0,158879.66,1422059216.0,92351436.0,130.0,22380.22392337378,421.3451301554031,60.701534361613774,5.549135632485357e-06,3.9420818786060843,0.018826671779425434,,20.177900295,98.42430188299232,3.3000015057245213,tas,3
sharded:ttas,8,1,80/10/10,39598080,20007,1.9792112760533813,Frontera,measurements/frontera-hitm-20261004-135123/part5/contention_ttas_r1.perf.txt,"0,2,4,6,8,10,12,14",124,223,524364934039.0,46539032259.0,158898.17,1719643245.0,61334537.0,130.0,13242.180783487482,1175.2850708670724,43.427440042547516,3.2829874579777605e-06,1.5489270439374838,0.08875313591342976,,20.17173574,98.46585096102396,3.3000061236639784,ttas,1
sharded:ttas,8,1,80/10/10,39678976,20002,1.9837504249575042,Frontera,measurements/frontera-hitm-20261004-135123/part5/contention_ttas_r2.perf.txt,"0,2,4,6,8,10,12,14",124,223,524351073306.0,46231321634.0,158894.23,1738450263.0,61214361.0,149.0,13214.833802817895,1165.1339397972367,43.8128812346367,3.755137229347854e-06,1.5427404426969082,0.08816864117873255,,20.165814025,98.49232332191957,3.3000007193842085,ttas,2
sharded:ttas,8,1,80/10/10,40552448,20012,2.02640655606636,Frontera,measurements/frontera-hitm-20261004-135123/part5/contention_ttas_r3.perf.txt,"0,2,4,6,8,10,12,14",124,223,524384184875.0,46823653012.0,158904.27,1762311883.0,62429435.0,147.0,12931.011831270951,1154.644301917359,43.457595531594045,3.6249352936720366e-06,1.539473893166696,0.08929264909688606,,20.176316966,98.44727252982825,3.30000059076449,ttas,3
sharded:ticket,8,1,80/10/10,30367744,20004,1.5180835832833435,Frontera,measurements/frontera-hitm-20261004-135123/part5/contention_ticket_r1.perf.txt,"0,2,4,6,8,10,12,14",127,230,524299446579.0,144028116785.0,158878.55,1440368265.0,49205039.0,130.0,17265.011407465765,4742.79935924776,47.43086167349145,4.280858005125438e-06,1.62030603919738,0.2747058340892188,,20.170181221,98.46128070145016,3.3000014575850547,ticket,1
sharded:ticket,8,1,80/10/10,29851648,20004,1.492283943211358,Frontera,measurements/frontera-hitm-20261004-135123/part5/contention_ticket_r2.perf.txt,"0,2,4,6,8,10,12,14",128,225,524511036976.0,144312071754.0,158942.61,1413182075.0,48535441.0,118.0,17570.588966344505,4834.3083689717905,47.34016946066093,3.9528805913830955e-06,1.625888158670503,0.2751363871883658,,20.173770431,98.48345562349677,3.300002667478533,ticket,2
sharded:ticket,8,1,80/10/10,29687808,20002,1.48424197580242,Frontera,measurements/frontera-hitm-20261004-135123/part5/contention_ticket_r3.perf.txt,"0,2,4,6,8,10,12,14",126,226,524357176618.0,144567424152.0,158895.74,1406310360.0,48475741.0,98.0,17662.374285700043,4869.5890296784455,47.36996278068088,3.3010183843818984e-06,1.6328501248728098,0.2757041013235125,,20.169969797,98.47296599796688,3.300007769988044,ticket,3
sharded:park,8,1,80/10/10,25684992,20003,1.2840569914512823,Frontera,measurements/frontera-hitm-20261004-135123/part5/contention_park_r1.perf.txt,"0,2,4,6,8,10,12,14",127,226,476607924491.0,111908392112.0,146166.16,2502586189.0,349053902.0,2350588.0,18555.891490680628,4356.956471389985,97.43379281566449,0.09151601059482518,13.589799911169916,0.2348017864610919,,20.173321224,90.56897373082747,3.2607268638034963,park,1
sharded:park,8,1,80/10/10,25947136,20002,1.2972270772922707,Frontera,measurements/frontera-hitm-20261004-135123/part5/contention_park_r2.perf.txt,"0,2,4,6,8,10,12,14",127,226,476569509077.0,113013767418.0,146159.25,2544694475.0,347732282.0,2345030.0,18366.940731994466,4355.539178505096,98.07226797593384,0.09037721928154228,13.40156701687616,0.23714015535085398,,20.172973717,90.56625218622942,3.260618189249056,park,2
sharded:park,8,1,80/10/10,25573376,20004,1.2784131173765247,Frontera,measurements/frontera-hitm-20261004-135123/part5/contention_park_r3.perf.txt,"0,2,4,6,8,10,12,14",125,228,476196674889.0,112526587085.0,146053.18,2496395724.0,350735645.0,2354472.0,18620.798243024306,4400.145959806011,97.61697962756267,0.0920673125050052,13.714874602398995,0.23630275686244473,,20.172549081,90.50243192713539,3.26043345916193,park,3
