lock,threads,shards,median,low,high,repetitions,modeled_collision_probability,worker_ns_per_op
mutex,1,16,3.0167040000000003,2.995712,3.028992,3,0.0,331.4876103190767
mutex,1,64,3.121152,3.1098879999999998,3.155456,3,0.0,320.3945209973753
mutex,1,256,3.34592,3.340288,3.353088,3,0.0,298.8714613618975
mutex,1,1024,3.876864,3.864576,3.890688,3,0.0,257.9404384574749
mutex,1,4096,4.6807039999999995,4.635136,4.6878720000000005,3,0.0,213.64307591336689
mutex,32,16,10.61115526709935,10.357583624563155,10.616079840319362,3,0.864758627864533,3015.6942570822894
mutex,32,64,23.842013986013985,23.79137662337662,24.49825374625375,3,0.38626931203891524,1342.168493767833
mutex,32,256,42.30726073926074,41.11804995004995,42.606481518481516,3,0.11425916190142826,756.3713518872258
mutex,32,1024,66.84336463536464,66.21986013986015,66.84592207792208,3,0.029834136770868103,478.7311377062226
mutex,32,4096,86.69627972027972,86.5054945054945,87.27937662337662,3,0.0075407085143994745,369.1046502023623
park,1,16,3.13856,3.106304,3.161555222388806,3,0.0,318.6174551386623
park,1,64,3.311104,3.301888,3.316224,3,0.0,302.01407143961654
park,1,256,3.639808,3.636736,3.641344,3,0.0,274.7397664931777
park,1,1024,4.44928,4.44416,4.47488,3,0.0,224.75546605293442
park,1,4096,5.35552,5.295104,5.36064,3,0.0,186.72323135755258
park,32,16,15.585453819271093,15.324707292707293,15.960487512487513,3,0.864758627864533,2053.196549235715
park,32,64,41.17431368631369,40.39940859140859,41.5789010989011,3,0.38626931203891524,777.1835674977328
park,32,256,62.96986213786214,62.74634165834166,63.352455544455545,3,0.11425916190142826,508.1796102704064
park,32,1024,84.35161638361639,84.06661876247504,84.87799500748876,3,0.029834136770868103,379.36439598821204
park,32,4096,100.22157042957043,100.00777689243029,100.95423265102347,3,0.0075407085143994745,319.29254214278785
ttas,1,16,3.150848,3.1129395302348826,3.165184,3,0.0,317.3748781280468
ttas,1,64,3.3377280000000003,3.325313343328336,3.33824,3,0.0,299.6050007669888
ttas,1,256,3.69152,3.67432283858071,3.707392,3,0.0,270.8911234396671
ttas,1,1024,4.420095999999999,4.370944000000001,4.4288,3,0.0,226.23943009382606
ttas,1,4096,5.287935999999999,5.280768,5.321728,3,0.0,189.1097017815647
ttas,32,16,19.353345905707197,19.171754368447328,19.674917082917084,3,0.864758627864533,1653.4608618018538
ttas,32,64,40.43250024813896,26.90276123876124,41.85318962075848,3,0.38626931203891524,791.4425228123979
ttas,32,256,63.83577358490566,63.21154540942928,64.98666133866134,3,0.11425916190142826,501.28631961259083
ttas,32,1024,83.92865469061876,83.90549280397022,84.49994805194805,3,0.029834136770868103,381.27621749639275
ttas,32,4096,101.14032151772341,100.2317093081135,101.54172227772227,3,0.0075407085143994745,316.39211265897006
