threads,median,low,high,impl,shards,mix,samples,source,lock
1,3.4,3.3,3.4,sharded:mutex,256,80/10/10,"[3.4, 3.4, 3.3]",measurements/ls6-20261004-011909/part5/sharded_mutex.csv,mutex
2,6.1,6.1,6.1,sharded:mutex,256,80/10/10,"[6.1, 6.1, 6.1]",measurements/ls6-20261004-011909/part5/sharded_mutex.csv,mutex
4,11.2,11.2,11.4,sharded:mutex,256,80/10/10,"[11.2, 11.4, 11.2]",measurements/ls6-20261004-011909/part5/sharded_mutex.csv,mutex
8,19.9,19.8,20.2,sharded:mutex,256,80/10/10,"[20.2, 19.9, 19.8]",measurements/ls6-20261004-011909/part5/sharded_mutex.csv,mutex
16,28.5,28.2,28.8,sharded:mutex,256,80/10/10,"[28.2, 28.8, 28.5]",measurements/ls6-20261004-011909/part5/sharded_mutex.csv,mutex
32,41.5,41.3,42.9,sharded:mutex,256,80/10/10,"[41.5, 41.3, 42.9]",measurements/ls6-20261004-011909/part5/sharded_mutex.csv,mutex
64,56.0,52.0,56.0,sharded:mutex,256,80/10/10,"[56.0, 52.0, 56.0]",measurements/ls6-20261004-011909/part5/sharded_mutex.csv,mutex
96,46.2,44.4,46.7,sharded:mutex,256,80/10/10,"[44.4, 46.2, 46.7]",measurements/ls6-20261004-011909/part5/sharded_mutex.csv,mutex
128,44.3,43.5,44.5,sharded:mutex,256,80/10/10,"[44.3, 43.5, 44.5]",measurements/ls6-20261004-011909/part5/sharded_mutex.csv,mutex
192,49.8,49.4,50.2,sharded:mutex,256,80/10/10,"[49.4, 50.2, 49.8]",measurements/ls6-20261004-011909/part5/sharded_mutex.csv,mutex
256,53.2,53.0,53.5,sharded:mutex,256,80/10/10,"[53.5, 53.0, 53.2]",measurements/ls6-20261004-011909/part5/sharded_mutex.csv,mutex
1,3.8,3.6,3.8,sharded:tas,256,80/10/10,"[3.6, 3.8, 3.8]",measurements/ls6-20261004-011909/part5/sharded_tas.csv,tas
2,6.8,6.8,6.9,sharded:tas,256,80/10/10,"[6.9, 6.8, 6.8]",measurements/ls6-20261004-011909/part5/sharded_tas.csv,tas
4,12.9,12.8,13.0,sharded:tas,256,80/10/10,"[12.9, 12.8, 13.0]",measurements/ls6-20261004-011909/part5/sharded_tas.csv,tas
8,24.0,23.9,24.2,sharded:tas,256,80/10/10,"[24.2, 23.9, 24.0]",measurements/ls6-20261004-011909/part5/sharded_tas.csv,tas
16,37.7,37.4,38.0,sharded:tas,256,80/10/10,"[37.4, 37.7, 38.0]",measurements/ls6-20261004-011909/part5/sharded_tas.csv,tas
32,62.8,62.3,63.0,sharded:tas,256,80/10/10,"[63.0, 62.8, 62.3]",measurements/ls6-20261004-011909/part5/sharded_tas.csv,tas
64,96.2,95.7,96.7,sharded:tas,256,80/10/10,"[96.2, 96.7, 95.7]",measurements/ls6-20261004-011909/part5/sharded_tas.csv,tas
96,64.6,14.5,92.6,sharded:tas,256,80/10/10,"[64.6, 92.6, 14.5]",measurements/ls6-20261004-011909/part5/sharded_tas.csv,tas
128,65.4,63.4,74.6,sharded:tas,256,80/10/10,"[74.6, 65.4, 63.4]",measurements/ls6-20261004-011909/part5/sharded_tas.csv,tas
192,6.4,4.4,6.4,sharded:tas,256,80/10/10,"[6.4, 4.4, 6.4]",measurements/ls6-20261004-011909/part5/sharded_tas.csv,tas
256,5.8,3.8,6.1,sharded:tas,256,80/10/10,"[5.8, 3.8, 6.1]",measurements/ls6-20261004-011909/part5/sharded_tas.csv,tas
1,3.7,3.6,3.7,sharded:ttas,256,80/10/10,"[3.6, 3.7, 3.7]",measurements/ls6-20261004-011909/part5/sharded_ttas.csv,ttas
2,7.1,7.0,7.1,sharded:ttas,256,80/10/10,"[7.0, 7.1, 7.1]",measurements/ls6-20261004-011909/part5/sharded_ttas.csv,ttas
4,13.4,13.4,13.5,sharded:ttas,256,80/10/10,"[13.4, 13.5, 13.4]",measurements/ls6-20261004-011909/part5/sharded_ttas.csv,ttas
8,24.8,24.7,24.9,sharded:ttas,256,80/10/10,"[24.7, 24.8, 24.9]",measurements/ls6-20261004-011909/part5/sharded_ttas.csv,ttas
16,39.3,39.2,39.3,sharded:ttas,256,80/10/10,"[39.3, 39.2, 39.3]",measurements/ls6-20261004-011909/part5/sharded_ttas.csv,ttas
32,63.8,62.4,64.9,sharded:ttas,256,80/10/10,"[62.4, 63.8, 64.9]",measurements/ls6-20261004-011909/part5/sharded_ttas.csv,ttas
64,98.3,97.7,98.5,sharded:ttas,256,80/10/10,"[98.5, 97.7, 98.3]",measurements/ls6-20261004-011909/part5/sharded_ttas.csv,ttas
96,15.1,11.0,15.1,sharded:ttas,256,80/10/10,"[11.0, 15.1, 15.1]",measurements/ls6-20261004-011909/part5/sharded_ttas.csv,ttas
128,90.2,87.6,95.7,sharded:ttas,256,80/10/10,"[87.6, 90.2, 95.7]",measurements/ls6-20261004-011909/part5/sharded_ttas.csv,ttas
192,6.7,5.0,7.2,sharded:ttas,256,80/10/10,"[5.0, 6.7, 7.2]",measurements/ls6-20261004-011909/part5/sharded_ttas.csv,ttas
256,3.9,3.5,5.3,sharded:ttas,256,80/10/10,"[3.5, 5.3, 3.9]",measurements/ls6-20261004-011909/part5/sharded_ttas.csv,ttas
1,3.6,3.6,3.7,sharded:ticket,256,80/10/10,"[3.6, 3.6, 3.7]",measurements/ls6-20261004-011909/part5/sharded_ticket.csv,ticket
2,6.8,6.8,6.8,sharded:ticket,256,80/10/10,"[6.8, 6.8, 6.8]",measurements/ls6-20261004-011909/part5/sharded_ticket.csv,ticket
4,12.8,12.8,12.8,sharded:ticket,256,80/10/10,"[12.8, 12.8, 12.8]",measurements/ls6-20261004-011909/part5/sharded_ticket.csv,ticket
8,24.1,23.8,24.3,sharded:ticket,256,80/10/10,"[23.8, 24.1, 24.3]",measurements/ls6-20261004-011909/part5/sharded_ticket.csv,ticket
16,36.4,36.3,36.5,sharded:ticket,256,80/10/10,"[36.4, 36.3, 36.5]",measurements/ls6-20261004-011909/part5/sharded_ticket.csv,ticket
32,59.2,58.8,59.5,sharded:ticket,256,80/10/10,"[59.5, 58.8, 59.2]",measurements/ls6-20261004-011909/part5/sharded_ticket.csv,ticket
64,89.5,86.5,89.6,sharded:ticket,256,80/10/10,"[86.5, 89.5, 89.6]",measurements/ls6-20261004-011909/part5/sharded_ticket.csv,ticket
96,31.1,26.7,32.8,sharded:ticket,256,80/10/10,"[32.8, 26.7, 31.1]",measurements/ls6-20261004-011909/part5/sharded_ticket.csv,ticket
128,87.0,86.5,87.0,sharded:ticket,256,80/10/10,"[87.0, 86.5, 87.0]",measurements/ls6-20261004-011909/part5/sharded_ticket.csv,ticket
192,41.9,41.9,43.1,sharded:ticket,256,80/10/10,"[41.9, 43.1, 41.9]",measurements/ls6-20261004-011909/part5/sharded_ticket.csv,ticket
256,37.3,35.2,37.8,sharded:ticket,256,80/10/10,"[37.8, 35.2, 37.3]",measurements/ls6-20261004-011909/part5/sharded_ticket.csv,ticket
1,3.6,3.5,3.7,sharded:park,256,80/10/10,"[3.5, 3.6, 3.7]",measurements/ls6-20261004-011909/part5/sharded_park.csv,park
2,7.0,6.9,7.1,sharded:park,256,80/10/10,"[7.0, 7.1, 6.9]",measurements/ls6-20261004-011909/part5/sharded_park.csv,park
4,13.3,13.3,13.4,sharded:park,256,80/10/10,"[13.3, 13.3, 13.4]",measurements/ls6-20261004-011909/part5/sharded_park.csv,park
8,24.9,24.6,26.5,sharded:park,256,80/10/10,"[24.6, 24.9, 26.5]",measurements/ls6-20261004-011909/part5/sharded_park.csv,park
16,37.9,37.2,38.2,sharded:park,256,80/10/10,"[37.2, 37.9, 38.2]",measurements/ls6-20261004-011909/part5/sharded_park.csv,park
32,61.5,61.5,61.6,sharded:park,256,80/10/10,"[61.5, 61.5, 61.6]",measurements/ls6-20261004-011909/part5/sharded_park.csv,park
64,94.5,92.7,94.5,sharded:park,256,80/10/10,"[92.7, 94.5, 94.5]",measurements/ls6-20261004-011909/part5/sharded_park.csv,park
96,68.3,65.8,80.2,sharded:park,256,80/10/10,"[65.8, 68.3, 80.2]",measurements/ls6-20261004-011909/part5/sharded_park.csv,park
128,65.0,58.2,76.2,sharded:park,256,80/10/10,"[58.2, 65.0, 76.2]",measurements/ls6-20261004-011909/part5/sharded_park.csv,park
192,46.3,33.5,51.6,sharded:park,256,80/10/10,"[46.3, 33.5, 51.6]",measurements/ls6-20261004-011909/part5/sharded_park.csv,park
256,31.5,30.4,36.2,sharded:park,256,80/10/10,"[31.5, 30.4, 36.2]",measurements/ls6-20261004-011909/part5/sharded_park.csv,park
