impl,threads,shards,mix,ops,ms,mops,machine,source,cpus,warmup_ms,delay_ms,cycles,instructions,task-clock,L1-dcache-loads,L1-dcache-load-misses,cache-misses,context-switches,cpu-migrations,cycles_per_op,instructions_per_op,L1-dcache-loads_per_op,L1-dcache-load-misses_per_op,cache-misses_per_op,context-switches_per_op,cpu-migrations_per_op,ipc,min_hardware_running_pct,perf_elapsed_s,busy_pct,effective_ghz,lock,repeat
sharded:mutex,32,256,80/10/10,345696256,20055,17.23740992271254,LS6,measurements/ls6-part4-followup-20261004-131537/part5/oversubscribed_mutex_r1.perf.txt,0-7,76,200,544155889927.0,154817229659.0,159345.87,85989689817.0,9906623865.0,9307771185.0,2320301.0,28.0,1574.0867321600383,447.84178877251134,248.74348022155033,28.657018099148868,26.924709259795975,0.006711964505626581,8.099595964383254e-08,0.2845089661342619,20.0,20.029425283,99.44485909391332,3.4149356360914784,mutex,1
sharded:mutex,32,256,80/10/10,346913792,20062,17.29208413916858,LS6,measurements/ls6-part4-followup-20261004-131537/part5/oversubscribed_mutex_r2.perf.txt,0-7,74,200,544352996279.0,154862451121.0,159398.33,86128567090.0,9912993162.0,9398090784.0,2267357.0,129.0,1569.1304549777024,446.40038733599846,248.27080697327824,28.574802704874877,27.09056543938155,0.006535793768614423,3.718503068335778e-07,0.28448902124096614,20.0,20.025479187,99.49720086066473,3.4150483024445744,mutex,2
sharded:mutex,32,256,80/10/10,340976640,20053,17.0037720041889,LS6,measurements/ls6-part4-followup-20261004-131537/part5/oversubscribed_mutex_r3.perf.txt,0-7,74,200,536591560816.0,152324299111.0,159446.56,84493024856.0,9699872379.0,9303193523.0,2255363.0,39.0,1573.6900944768533,446.72942730328975,247.79710673434988,28.447322312167778,27.2839615141964,0.0066144208588600085,1.1437733681697374e-07,0.28387382552077217,20.17,20.020684155,99.55114343593719,3.3653379591005286,mutex,3
sharded:tas,32,256,80/10/10,56524800,20045,2.8198952357196307,LS6,measurements/ls6-part4-followup-20261004-131537/part5/oversubscribed_tas_r1.perf.txt,0-7,71,200,557329404716.0,28357445535.0,159389.54,12704374124.0,2405842433.0,2226789018.0,14590.0,10.0,9859.909362191464,501.6814837911855,224.7575245555933,42.56259965537251,39.394903086786684,0.00025811679121376813,1.769134963768116e-07,0.05088094275135221,19.99,19.987463252,99.68094624517386,3.4966498097428476,tas,1
sharded:tas,32,256,80/10/10,53206016,20056,2.652872756282409,LS6,measurements/ls6-part4-followup-20261004-131537/part5/oversubscribed_tas_r2.perf.txt,0-7,70,200,557300845778.0,27537527611.0,159389.09,11699230575.0,2334254747.0,2188444115.0,14594.0,8.0,10474.395334880928,517.5641718974035,219.8854839084362,43.87200776318227,41.131516311989984,0.0002742922905560153,1.50358936854058e-07,0.04941231979032297,20.0,19.996952306,99.63336385026031,3.496480504267889,tas,2
sharded:tas,32,256,80/10/10,58033152,20056,2.89355564419625,LS6,measurements/ls6-part4-followup-20261004-131537/part5/oversubscribed_tas_r3.perf.txt,0-7,71,200,557829828400.0,29105193684.0,159481.49,13136882302.0,2503628838.0,2307599213.0,14615.0,4.0,9612.261426020768,501.5270182808613,226.3685815652405,43.14135544455693,39.763465079408405,0.0002518388110299437,6.892612002187991e-08,0.05217575719728221,19.99,20.000073904,99.67556292885986,3.497771612241647,tas,3
sharded:ttas,32,256,80/10/10,52666368,20054,2.626227585519098,LS6,measurements/ls6-part4-followup-20261004-131537/part5/oversubscribed_ttas_r1.perf.txt,0-7,71,200,556478613781.0,53752133589.0,159391.86,18102653075.0,973340107.0,854809313.0,14578.0,7.0,10566.109547956677,1020.6159192333141,343.72321013288786,18.481246077192942,16.23064861810862,0.0002767990380502411,1.3291214613470213e-07,0.09659335014472621,19.99,19.997931266,99.63021792096202,3.4912611834820173,ttas,1
sharded:ttas,32,256,80/10/10,50695168,20093,2.523026327576768,LS6,measurements/ls6-part4-followup-20261004-131537/part5/oversubscribed_ttas_r2.perf.txt,0-7,69,200,556265450105.0,53015236468.0,159450.14,17555381823.0,937327233.0,840014343.0,14593.0,12.0,10972.750896199812,1045.7650809639294,346.29300021256466,18.489478780305056,16.569909443834963,0.0002878578092491971,2.3670895024945968e-07,0.09530564312055136,20.0,20.032281157,99.49574561075536,3.488648238910295,ttas,2
sharded:ttas,32,256,80/10/10,50306048,20056,2.5082792181890703,LS6,measurements/ls6-part4-followup-20261004-131537/part5/oversubscribed_ttas_r3.perf.txt,0-7,71,200,545512317771.0,52408276335.0,159503.11,17482024180.0,918301247.0,825806720.0,14595.0,6.0,10843.871452017062,1041.788779253739,347.513368173942,18.254291154017903,16.415654833391006,0.000290124161611741,1.1926995338612169e-07,0.09607166442940049,20.33,20.003204399,99.673474070968,3.4200732372616436,ttas,3
sharded:ticket,32,256,80/10/10,142441472,20008,7.119225909636146,LS6,measurements/ls6-part4-followup-20261004-131537/part5/oversubscribed_ticket_r1.perf.txt,0-7,71,200,450500042404.0,123403079635.0,159120.6,57201382246.0,3652512066.0,3225547239.0,20496403.0,2.0,3162.70280051585,866.342350316346,401.5781460472411,25.642195455548226,22.644719923983935,0.14389350736279952,1.4040854618520089e-08,0.2739246792885636,20.0,19.965835044,99.62055158808514,2.831186172022981,ticket,1
sharded:ticket,32,256,80/10/10,145201152,20009,7.256792043580389,LS6,measurements/ls6-part4-followup-20261004-131537/part5/oversubscribed_ticket_r2.perf.txt,0-7,70,200,450797776031.0,123964225234.0,159116.49,57634747088.0,3761925478.0,3321603748.0,20438933.0,4.0,3104.6432471210696,853.7413341872109,396.9303706901719,25.908372118149586,22.87587737595911,0.1407628845809708,2.7547990803819516e-08,0.2749885465838575,20.0,19.964158054,99.62634635631402,2.833130469576095,ticket,2
sharded:ticket,32,256,80/10/10,140393472,20022,7.0119604435121365,LS6,measurements/ls6-part4-followup-20261004-131537/part5/oversubscribed_ticket_r3.perf.txt,0-7,72,200,448478836591.0,122715650430.0,159126.74,56715638151.0,3572460793.0,3206160695.0,20486012.0,2.0,3194.442235825609,874.0837353890643,403.9763198605132,25.446060576092883,22.83696420728166,0.14591855097080297,1.4245676608097562e-08,0.27362640200102284,20.0,19.972957793,99.58886763867905,2.818375067515366,ticket,3
sharded:park,32,256,80/10/10,102063104,20073,5.084596423055847,LS6,measurements/ls6-part4-followup-20261004-131537/part5/oversubscribed_park_r1.perf.txt,0-7,69,200,556755444176.0,262084358409.0,159420.28,99799569630.0,3467787468.0,3264999576.0,80504.0,10.0,5455.011873595378,2567.8658412054565,977.8222072297547,33.976895979961576,31.99000861271082,0.0007887669181607489,9.797859959265986e-08,0.4707351515832697,19.99,20.020000948,99.5381321497428,3.4923752748144716,park,1
sharded:park,32,256,80/10/10,103989248,20038,5.189602155903783,LS6,measurements/ls6-part4-followup-20261004-131537/part5/oversubscribed_park_r2.perf.txt,0-7,70,200,553968501594.0,261315165811.0,159376.13,99652147230.0,3483653568.0,3334249429.0,80906.0,5.0,5327.170955154902,2512.9056208868824,958.292796097535,33.5001323213723,32.06340552630979,0.0007780227432743816,4.808189400504175e-08,0.47171484490379245,20.17,20.000024747,99.60995799761847,3.475856149813651,park,2
sharded:park,32,256,80/10/10,106691584,20025,5.327919300873908,LS6,measurements/ls6-part4-followup-20261004-131537/part5/oversubscribed_park_r3.perf.txt,0-7,74,200,546243941175.0,256000495085.0,159278.47,98080430877.0,3537947861.0,3299559486.0,80947.0,7.0,5119.840953668848,2399.4441312728095,919.289293492915,33.16051490059422,30.926145833583274,0.0007587008924715186,6.560967358025166e-08,0.468655990095431,20.0,19.979761409,99.64988241066537,3.4294901324391174,park,3
