shards,mix,lock,threads,ratio_to_ttas
1,80/10/10,rw,1,0.8928571428571429
1,80/10/10,rw,2,1.3333333333333333
1,80/10/10,rw,4,1.56
1,80/10/10,rw,8,1.347826086956522
1,80/10/10,rw,16,1.0
1,80/10/10,rw,32,0.7142857142857143
1,80/10/10,rw,64,0.3846153846153846
1,80/10/10,rw,96,0.22222222222222224
1,80/10/10,rw,128,0.25
1,80/10/10,rw,192,0.2
1,80/10/10,rw,256,0.25
1,80/10/10,rwp,1,0.9642857142857144
1,80/10/10,rwp,2,1.4814814814814814
1,80/10/10,rwp,4,1.8
1,80/10/10,rwp,8,1.7826086956521738
1,80/10/10,rwp,16,1.411764705882353
1,80/10/10,rwp,32,1.2857142857142858
1,80/10/10,rwp,64,0.923076923076923
1,80/10/10,rwp,96,0.6666666666666666
1,80/10/10,rwp,128,0.8749999999999999
1,80/10/10,rwp,192,0.4
1,80/10/10,rwp,256,0.25
1,80/10/10,shared_mutex,1,0.8214285714285714
1,80/10/10,shared_mutex,2,0.40740740740740744
1,80/10/10,shared_mutex,4,0.4
1,80/10/10,shared_mutex,8,0.4347826086956522
1,80/10/10,shared_mutex,16,0.4117647058823529
1,80/10/10,shared_mutex,32,0.4285714285714286
1,80/10/10,shared_mutex,64,0.3846153846153846
1,80/10/10,shared_mutex,96,0.4444444444444445
1,80/10/10,shared_mutex,128,0.5
1,80/10/10,shared_mutex,192,0.8
1,80/10/10,shared_mutex,256,0.7499999999999999
1,50/25/25,rw,1,1.0
1,50/25/25,rw,2,1.1199999999999999
1,50/25/25,rw,4,1.1250000000000002
1,50/25/25,rw,8,0.9565217391304349
1,50/25/25,rw,16,0.7333333333333334
1,50/25/25,rw,32,0.5
1,50/25/25,rw,64,0.25
1,50/25/25,rw,96,0.25
1,50/25/25,rw,128,0.14285714285714288
1,50/25/25,rw,192,0.2
1,50/25/25,rw,256,0.25
1,50/25/25,rwp,1,1.04
1,50/25/25,rwp,2,1.16
1,50/25/25,rwp,4,1.1250000000000002
1,50/25/25,rwp,8,0.9565217391304349
1,50/25/25,rwp,16,0.7999999999999999
1,50/25/25,rwp,32,0.75
1,50/25/25,rwp,64,0.5
1,50/25/25,rwp,96,0.25
1,50/25/25,rwp,128,0.4285714285714286
1,50/25/25,rwp,192,0.2
1,50/25/25,rwp,256,0.0
1,50/25/25,shared_mutex,1,0.96
1,50/25/25,shared_mutex,2,0.36
1,50/25/25,shared_mutex,4,0.375
1,50/25/25,shared_mutex,8,0.391304347826087
1,50/25/25,shared_mutex,16,0.39999999999999997
1,50/25/25,shared_mutex,32,0.4166666666666667
1,50/25/25,shared_mutex,64,0.33333333333333337
1,50/25/25,shared_mutex,96,0.37499999999999994
1,50/25/25,shared_mutex,128,0.4285714285714286
1,50/25/25,shared_mutex,192,0.6
1,50/25/25,shared_mutex,256,0.7499999999999999
1,100/0/0,rw,1,0.8888888888888888
1,100/0/0,rw,2,1.846153846153846
1,100/0/0,rw,4,3.7916666666666665
1,100/0/0,rw,8,4.9565217391304355
1,100/0/0,rw,16,5.529411764705883
1,100/0/0,rw,32,6.3999999999999995
1,100/0/0,rw,64,6.266666666666667
1,100/0/0,rw,96,7.7
1,100/0/0,rw,128,8.666666666666666
1,100/0/0,rw,192,15.6
1,100/0/0,rw,256,15.6
1,100/0/0,rwp,1,1.0
1,100/0/0,rwp,2,1.9615384615384612
1,100/0/0,rwp,4,3.9583333333333335
1,100/0/0,rwp,8,5.043478260869565
1,100/0/0,rwp,16,5.588235294117648
1,100/0/0,rwp,32,6.3999999999999995
1,100/0/0,rwp,64,6.266666666666667
1,100/0/0,rwp,96,7.8
1,100/0/0,rwp,128,8.777777777777779
1,100/0/0,rwp,192,15.8
1,100/0/0,rwp,256,15.8
1,100/0/0,shared_mutex,1,0.8518518518518517
1,100/0/0,shared_mutex,2,1.8076923076923077
1,100/0/0,shared_mutex,4,3.8750000000000004
1,100/0/0,shared_mutex,8,6.695652173913044
1,100/0/0,shared_mutex,16,8.470588235294118
1,100/0/0,shared_mutex,32,9.799999999999999
1,100/0/0,shared_mutex,64,9.6
1,100/0/0,shared_mutex,96,12.7
1,100/0/0,shared_mutex,128,15.0
1,100/0/0,shared_mutex,192,27.0
1,100/0/0,shared_mutex,256,27.0
4096,80/10/10,rw,1,0.9622641509433962
4096,80/10/10,rw,2,1.00990099009901
4096,80/10/10,rw,4,1.0154639175257731
4096,80/10/10,rw,8,0.9811827956989246
4096,80/10/10,rw,16,1.0051194539249146
4096,80/10/10,rw,32,1.0107843137254902
4096,80/10/10,rw,64,1.010392609699769
4096,80/10/10,rw,96,0.950479233226837
4096,80/10/10,rw,128,1.124923076923077
4096,80/10/10,rw,192,1.284046692607004
4096,80/10/10,rw,256,1.2933333333333334
4096,80/10/10,rwp,1,0.9622641509433962
4096,80/10/10,rwp,2,1.0396039603960396
4096,80/10/10,rwp,4,1.0257731958762886
4096,80/10/10,rwp,8,1.0134408602150538
4096,80/10/10,rwp,16,0.9744027303754266
4096,80/10/10,rwp,32,1.0137254901960784
4096,80/10/10,rwp,64,1.0011547344110856
4096,80/10/10,rwp,96,0.4009584664536741
4096,80/10/10,rwp,128,1.0836923076923077
4096,80/10/10,rwp,192,0.5719844357976653
4096,80/10/10,rwp,256,0.40888888888888886
4096,80/10/10,shared_mutex,1,0.7735849056603773
4096,80/10/10,shared_mutex,2,0.7920792079207921
4096,80/10/10,shared_mutex,4,0.7835051546391752
4096,80/10/10,shared_mutex,8,0.7795698924731183
4096,80/10/10,shared_mutex,16,0.779863481228669
4096,80/10/10,shared_mutex,32,0.7480392156862745
4096,80/10/10,shared_mutex,64,0.7049653579676675
4096,80/10/10,shared_mutex,96,1.915335463258786
4096,80/10/10,shared_mutex,128,0.8381538461538461
4096,80/10/10,shared_mutex,192,4.3229571984435795
4096,80/10/10,shared_mutex,256,4.96
4096,50/25/25,rw,1,0.9555555555555555
4096,50/25/25,rw,2,1.0116279069767442
4096,50/25/25,rw,4,1.006024096385542
4096,50/25/25,rw,8,1.0154798761609907
4096,50/25/25,rw,16,1.0020746887966805
4096,50/25/25,rw,32,1.0012515644555693
4096,50/25/25,rw,64,1.010023130300694
4096,50/25/25,rw,96,0.7294281729428173
4096,50/25/25,rw,128,1.2411545623836127
4096,50/25/25,rw,192,0.7767441860465116
4096,50/25/25,rw,256,1.379310344827586
4096,50/25/25,rwp,1,0.9777777777777779
4096,50/25/25,rwp,2,1.0232558139534884
4096,50/25/25,rwp,4,1.0120481927710843
4096,50/25/25,rwp,8,1.0092879256965945
4096,50/25/25,rwp,16,1.0020746887966805
4096,50/25/25,rwp,32,1.0087609511889861
4096,50/25/25,rwp,64,1.0107941403238243
4096,50/25/25,rwp,96,0.4421199442119944
4096,50/25/25,rwp,128,1.2150837988826815
4096,50/25/25,rwp,192,0.6883720930232559
4096,50/25/25,rwp,256,0.522167487684729
4096,50/25/25,shared_mutex,1,0.8
4096,50/25/25,shared_mutex,2,0.8488372093023256
4096,50/25/25,shared_mutex,4,0.825301204819277
4096,50/25/25,shared_mutex,8,0.8049535603715171
4096,50/25/25,shared_mutex,16,0.7572614107883817
4096,50/25/25,shared_mutex,32,0.7396745932415519
4096,50/25/25,shared_mutex,64,0.694680030840401
4096,50/25/25,shared_mutex,96,1.195258019525802
4096,50/25/25,shared_mutex,128,0.9059590316573556
4096,50/25/25,shared_mutex,192,3.86046511627907
4096,50/25/25,shared_mutex,256,4.004926108374384
4096,100/0/0,rw,1,1.011764705882353
4096,100/0/0,rw,2,1.0180722891566263
4096,100/0/0,rw,4,1.0030674846625767
4096,100/0/0,rw,8,1.0093603744149768
4096,100/0/0,rw,16,1.0070564516129032
4096,100/0/0,rw,32,1.005988023952096
4096,100/0/0,rw,64,1.0113868613138686
4096,100/0/0,rw,96,3.8701456310679605
4096,100/0/0,rw,128,0.9976883957466481
4096,100/0/0,rw,192,8.022770398481974
4096,100/0/0,rw,256,13.173252279635259
4096,100/0/0,rwp,1,0.9882352941176471
4096,100/0/0,rwp,2,1.0240963855421685
4096,100/0/0,rwp,4,1.0184049079754602
4096,100/0/0,rwp,8,1.0171606864274572
4096,100/0/0,rwp,16,1.0080645161290323
4096,100/0/0,rwp,32,1.0027218290691344
4096,100/0/0,rwp,64,1.0108029197080293
4096,100/0/0,rwp,96,4.015776699029126
4096,100/0/0,rwp,128,1.0302820157189088
4096,100/0/0,rwp,192,7.893738140417457
4096,100/0/0,rwp,256,13.082066869300911
4096,100/0/0,shared_mutex,1,0.7999999999999999
4096,100/0/0,shared_mutex,2,0.8433734939759036
4096,100/0/0,shared_mutex,4,0.8650306748466257
4096,100/0/0,shared_mutex,8,0.8736349453978159
4096,100/0/0,shared_mutex,16,0.9344758064516129
4096,100/0/0,shared_mutex,32,1.004354926510615
4096,100/0/0,shared_mutex,64,1.0464233576642334
4096,100/0/0,shared_mutex,96,4.865291262135922
4096,100/0/0,shared_mutex,128,1.328016643550624
4096,100/0/0,shared_mutex,192,10.810246679316888
4096,100/0/0,shared_mutex,256,17.188449848024316
