impl,threads,shards,mix,ops,ms,mops,source,buckets
hashed:ttas,1,4096,80/10/10,548864,2001,0.27429485257371317,measurements/ls6-N4096-20261004-162735/part7/buckets_2048_N4096.txt,2048
hashed:ttas,1,4096,80/10/10,549888,2004,0.2743952095808383,measurements/ls6-N4096-20261004-162735/part7/buckets_2048_N4096.txt,2048
hashed:ttas,1,4096,80/10/10,550912,2000,0.27545600000000003,measurements/ls6-N4096-20261004-162735/part7/buckets_2048_N4096.txt,2048
hashed:ttas,1,4096,80/10/10,2085888,2000,1.0429439999999999,measurements/ls6-N4096-20261004-162735/part7/buckets_8192_N4096.txt,8192
hashed:ttas,1,4096,80/10/10,2094080,2001,1.0465167416291854,measurements/ls6-N4096-20261004-162735/part7/buckets_8192_N4096.txt,8192
hashed:ttas,1,4096,80/10/10,2101248,2001,1.0500989505247376,measurements/ls6-N4096-20261004-162735/part7/buckets_8192_N4096.txt,8192
hashed:ttas,1,4096,80/10/10,7768064,2000,3.8840320000000004,measurements/ls6-N4096-20261004-162735/part7/buckets_32768_N4096.txt,32768
hashed:ttas,1,4096,80/10/10,7795712,2000,3.8978560000000004,measurements/ls6-N4096-20261004-162735/part7/buckets_32768_N4096.txt,32768
hashed:ttas,1,4096,80/10/10,7825408,2000,3.912704,measurements/ls6-N4096-20261004-162735/part7/buckets_32768_N4096.txt,32768
hashed:ttas,1,4096,80/10/10,21824512,2000,10.912256,measurements/ls6-N4096-20261004-162735/part7/buckets_131072_N4096.txt,131072
hashed:ttas,1,4096,80/10/10,21999616,2000,10.999808000000002,measurements/ls6-N4096-20261004-162735/part7/buckets_131072_N4096.txt,131072
hashed:ttas,1,4096,80/10/10,22104064,2000,11.052031999999999,measurements/ls6-N4096-20261004-162735/part7/buckets_131072_N4096.txt,131072
hashed:ttas,1,4096,80/10/10,32131072,2000,16.065536,measurements/ls6-N4096-20261004-162735/part7/buckets_524288_N4096.txt,524288
hashed:ttas,1,4096,80/10/10,32176128,2000,16.088064,measurements/ls6-N4096-20261004-162735/part7/buckets_524288_N4096.txt,524288
hashed:ttas,1,4096,80/10/10,32296960,2000,16.14848,measurements/ls6-N4096-20261004-162735/part7/buckets_524288_N4096.txt,524288
hashed:ttas,1,4096,80/10/10,33703936,2000,16.851968,measurements/ls6-N4096-20261004-162735/part7/buckets_2097152_N4096.txt,2097152
hashed:ttas,1,4096,80/10/10,33395712,2000,16.697855999999998,measurements/ls6-N4096-20261004-162735/part7/buckets_2097152_N4096.txt,2097152
hashed:ttas,1,4096,80/10/10,33511424,2000,16.755712,measurements/ls6-N4096-20261004-162735/part7/buckets_2097152_N4096.txt,2097152
