family,threads,absolute_gain_mops,ratio,range_low,range_high,observed_ranges_overlap
sharded,1,0.3000000000000007,1.0731707317073174,1.0238095238095237,1.125,False
sharded,2,0.5,1.0625,1.05,1.0625,False
sharded,4,1.299999999999999,1.086092715231788,1.0592105263157896,1.086092715231788,False
sharded,8,1.8000000000000007,1.0625,1.0519031141868511,1.0763888888888888,False
sharded,16,3.3999999999999986,1.0739130434782609,1.062634989200864,1.092511013215859,False
sharded,32,3.3000000000000114,1.0409429280397025,1.0371287128712872,1.06375,False
sharded,64,3.4000000000000057,1.0254300673148842,0.9992641648270788,1.0389513108614232,True
sharded,96,15.000000000000004,1.7812500000000002,0.9368932038834951,3.2280701754385963,True
sharded,128,19.499999999999986,1.167814113597246,0.9318840579710145,1.427807486631016,True
sharded,192,1.3000000000000007,1.1031746031746033,0.7412587412587412,1.6352941176470588,True
sharded,256,3.4000000000000004,1.4533333333333334,0.9042553191489361,1.983050847457627,True
hashed,1,-0.10000000000000142,0.9941520467836257,0.9768786127167629,1.0303030303030303,True
hashed,2,-0.5,0.9845679012345679,0.9753086419753088,1.066225165562914,True
hashed,4,1.6999999999999957,1.028052805280528,1.0148514851485149,1.0554621848739496,False
hashed,8,18.299999999999997,1.1691312384473198,1.1481140754369825,1.1767441860465115,False
hashed,16,58.80000000000001,1.7000000000000002,1.6737089201877933,1.7233532934131737,False
hashed,32,151.1,2.6770255271920087,2.5407407407407407,2.7112359550561798,False
hashed,64,298.0,4.069001029866118,3.985581874356334,4.115822130299897,False
hashed,96,49.900000000000006,3.2681818181818185,0.836734693877551,5.678362573099414,True
hashed,128,333.79999999999995,6.1432973805855156,4.720461095100864,6.642276422764228,False
hashed,192,16.0,2.553398058252427,1.3821138211382114,3.0526315789473686,False
hashed,256,9.500000000000002,2.338028169014085,1.349514563106796,2.5774647887323945,False
