lock,threads,shards,median,low,high,repetitions
park,1,16,17.000448,16.155136,17.065472000000003,3
park,1,64,16.891392,16.869888,16.943616000000002,3
park,1,256,16.875008,16.829439999999998,16.963072,3
park,1,1024,16.764416,16.543744,16.833536,3
park,1,4096,16.443392,16.366592,16.446976,3
park,32,16,35.54691708291708,30.83917682317682,35.63591608391609,3
park,32,64,148.80530669330668,144.24341088367447,149.25183616383615,3
park,32,256,230.48286113886113,230.3273686313686,236.22841158841157,3
park,32,1024,265.9816983016983,262.91289465801293,271.3702297702298,3
park,32,4096,282.0015184815185,276.05955644355646,283.0198921078921,3
ttas,1,16,17.20832,17.099776000000002,17.236991999999997,3
ttas,1,64,16.920576,16.682496,17.16224,3
ttas,1,256,17.115136,17.030656,17.169408,3
ttas,1,1024,17.036288,16.857088,17.146368,3
ttas,1,4096,16.589824,16.583168,16.753151999999996,3
ttas,32,16,26.210717282717283,26.199976023976024,26.33858941058941,3
ttas,32,64,138.16276523476526,135.44676123876124,141.91197602397602,3
ttas,32,256,213.1423776223776,210.54964235764234,215.0226093906094,3
ttas,32,1024,238.80835964035964,236.8636803196803,241.43485314685316,3
ttas,32,4096,244.39074525474524,243.94216983016983,244.9983936063936,3
