impl,threads,shards,mix,ops,ms,mops,source,lock
hashed:ttas,1,16,80/10/10,34416640,2000,17.20832,measurements/ls6-20261004-022544/part7/stripe_counts_ttas.txt,ttas
hashed:ttas,1,16,80/10/10,34473984,2000,17.236991999999997,measurements/ls6-20261004-022544/part7/stripe_counts_ttas.txt,ttas
hashed:ttas,1,16,80/10/10,34199552,2000,17.099776000000002,measurements/ls6-20261004-022544/part7/stripe_counts_ttas.txt,ttas
hashed:ttas,1,64,80/10/10,34324480,2000,17.16224,measurements/ls6-20261004-022544/part7/stripe_counts_ttas.txt,ttas
hashed:ttas,1,64,80/10/10,33364992,2000,16.682496,measurements/ls6-20261004-022544/part7/stripe_counts_ttas.txt,ttas
hashed:ttas,1,64,80/10/10,33841152,2000,16.920576,measurements/ls6-20261004-022544/part7/stripe_counts_ttas.txt,ttas
hashed:ttas,1,256,80/10/10,34061312,2000,17.030656,measurements/ls6-20261004-022544/part7/stripe_counts_ttas.txt,ttas
hashed:ttas,1,256,80/10/10,34338816,2000,17.169408,measurements/ls6-20261004-022544/part7/stripe_counts_ttas.txt,ttas
hashed:ttas,1,256,80/10/10,34230272,2000,17.115136,measurements/ls6-20261004-022544/part7/stripe_counts_ttas.txt,ttas
hashed:ttas,1,1024,80/10/10,33714176,2000,16.857088,measurements/ls6-20261004-022544/part7/stripe_counts_ttas.txt,ttas
hashed:ttas,1,1024,80/10/10,34072576,2000,17.036288,measurements/ls6-20261004-022544/part7/stripe_counts_ttas.txt,ttas
hashed:ttas,1,1024,80/10/10,34292736,2000,17.146368,measurements/ls6-20261004-022544/part7/stripe_counts_ttas.txt,ttas
hashed:ttas,1,4096,80/10/10,33179648,2000,16.589824,measurements/ls6-20261004-022544/part7/stripe_counts_ttas.txt,ttas
hashed:ttas,1,4096,80/10/10,33166336,2000,16.583168,measurements/ls6-20261004-022544/part7/stripe_counts_ttas.txt,ttas
hashed:ttas,1,4096,80/10/10,33506304,2000,16.753151999999996,measurements/ls6-20261004-022544/part7/stripe_counts_ttas.txt,ttas
hashed:ttas,32,16,80/10/10,52452352,2002,26.199976023976024,measurements/ls6-20261004-022544/part7/stripe_counts_ttas.txt,ttas
hashed:ttas,32,16,80/10/10,52729856,2002,26.33858941058941,measurements/ls6-20261004-022544/part7/stripe_counts_ttas.txt,ttas
hashed:ttas,32,16,80/10/10,52473856,2002,26.210717282717283,measurements/ls6-20261004-022544/part7/stripe_counts_ttas.txt,ttas
hashed:ttas,32,64,80/10/10,276601856,2002,138.16276523476526,measurements/ls6-20261004-022544/part7/stripe_counts_ttas.txt,ttas
hashed:ttas,32,64,80/10/10,284107776,2002,141.91197602397602,measurements/ls6-20261004-022544/part7/stripe_counts_ttas.txt,ttas
hashed:ttas,32,64,80/10/10,271164416,2002,135.44676123876124,measurements/ls6-20261004-022544/part7/stripe_counts_ttas.txt,ttas
hashed:ttas,32,256,80/10/10,430475264,2002,215.0226093906094,measurements/ls6-20261004-022544/part7/stripe_counts_ttas.txt,ttas
hashed:ttas,32,256,80/10/10,421520384,2002,210.54964235764234,measurements/ls6-20261004-022544/part7/stripe_counts_ttas.txt,ttas
hashed:ttas,32,256,80/10/10,426711040,2002,213.1423776223776,measurements/ls6-20261004-022544/part7/stripe_counts_ttas.txt,ttas
hashed:ttas,32,1024,80/10/10,474201088,2002,236.8636803196803,measurements/ls6-20261004-022544/part7/stripe_counts_ttas.txt,ttas
hashed:ttas,32,1024,80/10/10,483352576,2002,241.43485314685316,measurements/ls6-20261004-022544/part7/stripe_counts_ttas.txt,ttas
hashed:ttas,32,1024,80/10/10,478094336,2002,238.80835964035964,measurements/ls6-20261004-022544/part7/stripe_counts_ttas.txt,ttas
hashed:ttas,32,4096,80/10/10,488372224,2002,243.94216983016983,measurements/ls6-20261004-022544/part7/stripe_counts_ttas.txt,ttas
hashed:ttas,32,4096,80/10/10,490486784,2002,244.9983936063936,measurements/ls6-20261004-022544/part7/stripe_counts_ttas.txt,ttas
hashed:ttas,32,4096,80/10/10,489270272,2002,244.39074525474524,measurements/ls6-20261004-022544/part7/stripe_counts_ttas.txt,ttas
hashed:park,1,16,80/10/10,32310272,2000,16.155136,measurements/ls6-20261004-022544/part7/stripe_counts_park.txt,park
hashed:park,1,16,80/10/10,34130944,2000,17.065472000000003,measurements/ls6-20261004-022544/part7/stripe_counts_park.txt,park
hashed:park,1,16,80/10/10,34000896,2000,17.000448,measurements/ls6-20261004-022544/part7/stripe_counts_park.txt,park
hashed:park,1,64,80/10/10,33782784,2000,16.891392,measurements/ls6-20261004-022544/part7/stripe_counts_park.txt,park
hashed:park,1,64,80/10/10,33887232,2000,16.943616000000002,measurements/ls6-20261004-022544/part7/stripe_counts_park.txt,park
hashed:park,1,64,80/10/10,33739776,2000,16.869888,measurements/ls6-20261004-022544/part7/stripe_counts_park.txt,park
hashed:park,1,256,80/10/10,33658880,2000,16.829439999999998,measurements/ls6-20261004-022544/part7/stripe_counts_park.txt,park
hashed:park,1,256,80/10/10,33926144,2000,16.963072,measurements/ls6-20261004-022544/part7/stripe_counts_park.txt,park
hashed:park,1,256,80/10/10,33750016,2000,16.875008,measurements/ls6-20261004-022544/part7/stripe_counts_park.txt,park
hashed:park,1,1024,80/10/10,33528832,2000,16.764416,measurements/ls6-20261004-022544/part7/stripe_counts_park.txt,park
hashed:park,1,1024,80/10/10,33087488,2000,16.543744,measurements/ls6-20261004-022544/part7/stripe_counts_park.txt,park
hashed:park,1,1024,80/10/10,33667072,2000,16.833536,measurements/ls6-20261004-022544/part7/stripe_counts_park.txt,park
hashed:park,1,4096,80/10/10,32733184,2000,16.366592,measurements/ls6-20261004-022544/part7/stripe_counts_park.txt,park
hashed:park,1,4096,80/10/10,32893952,2000,16.446976,measurements/ls6-20261004-022544/part7/stripe_counts_park.txt,park
hashed:park,1,4096,80/10/10,32886784,2000,16.443392,measurements/ls6-20261004-022544/part7/stripe_counts_park.txt,park
hashed:park,32,16,80/10/10,71343104,2002,35.63591608391609,measurements/ls6-20261004-022544/part7/stripe_counts_park.txt,park
hashed:park,32,16,80/10/10,71164928,2002,35.54691708291708,measurements/ls6-20261004-022544/part7/stripe_counts_park.txt,park
hashed:park,32,16,80/10/10,61740032,2002,30.83917682317682,measurements/ls6-20261004-022544/part7/stripe_counts_park.txt,park
hashed:park,32,64,80/10/10,298802176,2002,149.25183616383615,measurements/ls6-20261004-022544/part7/stripe_counts_park.txt,park
hashed:park,32,64,80/10/10,297908224,2002,148.80530669330668,measurements/ls6-20261004-022544/part7/stripe_counts_park.txt,park
hashed:park,32,64,80/10/10,288919552,2003,144.24341088367447,measurements/ls6-20261004-022544/part7/stripe_counts_park.txt,park
hashed:park,32,256,80/10/10,461426688,2002,230.48286113886113,measurements/ls6-20261004-022544/part7/stripe_counts_park.txt,park
hashed:park,32,256,80/10/10,461115392,2002,230.3273686313686,measurements/ls6-20261004-022544/part7/stripe_counts_park.txt,park
hashed:park,32,256,80/10/10,472929280,2002,236.22841158841157,measurements/ls6-20261004-022544/part7/stripe_counts_park.txt,park
hashed:park,32,1024,80/10/10,543283200,2002,271.3702297702298,measurements/ls6-20261004-022544/part7/stripe_counts_park.txt,park
hashed:park,32,1024,80/10/10,526614528,2003,262.91289465801293,measurements/ls6-20261004-022544/part7/stripe_counts_park.txt,park
hashed:park,32,1024,80/10/10,532495360,2002,265.9816983016983,measurements/ls6-20261004-022544/part7/stripe_counts_park.txt,park
hashed:park,32,4096,80/10/10,566605824,2002,283.0198921078921,measurements/ls6-20261004-022544/part7/stripe_counts_park.txt,park
hashed:park,32,4096,80/10/10,564567040,2002,282.0015184815185,measurements/ls6-20261004-022544/part7/stripe_counts_park.txt,park
hashed:park,32,4096,80/10/10,552671232,2002,276.05955644355646,measurements/ls6-20261004-022544/part7/stripe_counts_park.txt,park
