threads,median,low,high,impl,shards,mix,samples,source,family,padded
1,4.4,4.3,4.5,sharded:ttas,1024,80/10/10,"[4.3, 4.4, 4.5]",measurements/ls6-20261004-022544/part7/sharded_ttas.csv,sharded,True
2,8.5,8.4,8.5,sharded:ttas,1024,80/10/10,"[8.5, 8.4, 8.5]",measurements/ls6-20261004-022544/part7/sharded_ttas.csv,sharded,True
4,16.4,16.1,16.4,sharded:ttas,1024,80/10/10,"[16.4, 16.1, 16.4]",measurements/ls6-20261004-022544/part7/sharded_ttas.csv,sharded,True
8,30.6,30.4,31.0,sharded:ttas,1024,80/10/10,"[30.4, 30.6, 31.0]",measurements/ls6-20261004-022544/part7/sharded_ttas.csv,sharded,True
16,49.4,49.2,49.6,sharded:ttas,1024,80/10/10,"[49.4, 49.2, 49.6]",measurements/ls6-20261004-022544/part7/sharded_ttas.csv,sharded,True
32,83.9,83.8,85.1,sharded:ttas,1024,80/10/10,"[83.8, 83.9, 85.1]",measurements/ls6-20261004-022544/part7/sharded_ttas.csv,sharded,True
64,137.1,135.8,138.7,sharded:ttas,1024,80/10/10,"[135.8, 137.1, 138.7]",measurements/ls6-20261004-022544/part7/sharded_ttas.csv,sharded,True
96,34.2,19.3,55.2,sharded:ttas,1024,80/10/10,"[19.3, 55.2, 34.2]",measurements/ls6-20261004-022544/part7/sharded_ttas.csv,sharded,True
128,135.7,128.6,160.2,sharded:ttas,1024,80/10/10,"[135.7, 128.6, 160.2]",measurements/ls6-20261004-022544/part7/sharded_ttas.csv,sharded,True
192,13.9,10.6,13.9,sharded:ttas,1024,80/10/10,"[13.9, 10.6, 13.9]",measurements/ls6-20261004-022544/part7/sharded_ttas.csv,sharded,True
256,10.9,8.5,11.7,sharded:ttas,1024,80/10/10,"[11.7, 8.5, 10.9]",measurements/ls6-20261004-022544/part7/sharded_ttas.csv,sharded,True
1,4.1,4.0,4.2,sharded:ttas:nopad,1024,80/10/10,"[4.0, 4.1, 4.2]",measurements/ls6-20261004-022544/part7/sharded_ttas_nopad.csv,sharded,False
2,8.0,8.0,8.0,sharded:ttas:nopad,1024,80/10/10,"[8.0, 8.0, 8.0]",measurements/ls6-20261004-022544/part7/sharded_ttas_nopad.csv,sharded,False
4,15.1,15.1,15.2,sharded:ttas:nopad,1024,80/10/10,"[15.1, 15.1, 15.2]",measurements/ls6-20261004-022544/part7/sharded_ttas_nopad.csv,sharded,False
8,28.8,28.8,28.9,sharded:ttas:nopad,1024,80/10/10,"[28.8, 28.9, 28.8]",measurements/ls6-20261004-022544/part7/sharded_ttas_nopad.csv,sharded,False
16,46.0,45.4,46.3,sharded:ttas:nopad,1024,80/10/10,"[46.3, 45.4, 46.0]",measurements/ls6-20261004-022544/part7/sharded_ttas_nopad.csv,sharded,False
32,80.6,80.0,80.8,sharded:ttas:nopad,1024,80/10/10,"[80.0, 80.8, 80.6]",measurements/ls6-20261004-022544/part7/sharded_ttas_nopad.csv,sharded,False
64,133.7,133.5,135.9,sharded:ttas:nopad,1024,80/10/10,"[135.9, 133.5, 133.7]",measurements/ls6-20261004-022544/part7/sharded_ttas_nopad.csv,sharded,False
96,19.2,17.1,20.6,sharded:ttas:nopad,1024,80/10/10,"[17.1, 19.2, 20.6]",measurements/ls6-20261004-022544/part7/sharded_ttas_nopad.csv,sharded,False
128,116.2,112.2,138.0,sharded:ttas:nopad,1024,80/10/10,"[116.2, 138.0, 112.2]",measurements/ls6-20261004-022544/part7/sharded_ttas_nopad.csv,sharded,False
192,12.6,8.5,14.3,sharded:ttas:nopad,1024,80/10/10,"[8.5, 12.6, 14.3]",measurements/ls6-20261004-022544/part7/sharded_ttas_nopad.csv,sharded,False
256,7.5,5.9,9.4,sharded:ttas:nopad,1024,80/10/10,"[9.4, 5.9, 7.5]",measurements/ls6-20261004-022544/part7/sharded_ttas_nopad.csv,sharded,False
1,17.0,16.9,17.0,hashed:ttas,1024,80/10/10,"[17.0, 17.0, 16.9]",measurements/ls6-20261004-022544/part7/hashed_ttas.csv,hashed,True
2,31.9,31.6,32.2,hashed:ttas,1024,80/10/10,"[32.2, 31.6, 31.9]",measurements/ls6-20261004-022544/part7/hashed_ttas.csv,hashed,True
4,62.3,61.5,62.8,hashed:ttas,1024,80/10/10,"[62.8, 62.3, 61.5]",measurements/ls6-20261004-022544/part7/hashed_ttas.csv,hashed,True
8,126.5,124.8,126.5,hashed:ttas,1024,80/10/10,"[126.5, 124.8, 126.5]",measurements/ls6-20261004-022544/part7/hashed_ttas.csv,hashed,True
16,142.8,142.6,143.9,hashed:ttas,1024,80/10/10,"[142.8, 143.9, 142.6]",measurements/ls6-20261004-022544/part7/hashed_ttas.csv,hashed,True
32,241.2,240.1,241.3,hashed:ttas,1024,80/10/10,"[240.1, 241.2, 241.3]",measurements/ls6-20261004-022544/part7/hashed_ttas.csv,hashed,True
64,395.1,387.0,398.0,hashed:ttas,1024,80/10/10,"[398.0, 395.1, 387.0]",measurements/ls6-20261004-022544/part7/hashed_ttas.csv,hashed,True
96,71.9,53.3,97.1,hashed:ttas,1024,80/10/10,"[97.1, 53.3, 71.9]",measurements/ls6-20261004-022544/part7/hashed_ttas.csv,hashed,True
128,398.7,327.6,408.5,hashed:ttas,1024,80/10/10,"[327.6, 398.7, 408.5]",measurements/ls6-20261004-022544/part7/hashed_ttas.csv,hashed,True
192,26.3,17.0,29.0,hashed:ttas,1024,80/10/10,"[17.0, 26.3, 29.0]",measurements/ls6-20261004-022544/part7/hashed_ttas.csv,hashed,True
256,16.6,13.9,18.3,hashed:ttas,1024,80/10/10,"[18.3, 13.9, 16.6]",measurements/ls6-20261004-022544/part7/hashed_ttas.csv,hashed,True
1,17.1,16.5,17.3,hashed:ttas:nopad,1024,80/10/10,"[16.5, 17.1, 17.3]",measurements/ls6-20261004-022544/part7/hashed_ttas_nopad.csv,hashed,False
2,32.4,30.2,32.4,hashed:ttas:nopad,1024,80/10/10,"[32.4, 32.4, 30.2]",measurements/ls6-20261004-022544/part7/hashed_ttas_nopad.csv,hashed,False
4,60.6,59.5,60.6,hashed:ttas:nopad,1024,80/10/10,"[60.6, 60.6, 59.5]",measurements/ls6-20261004-022544/part7/hashed_ttas_nopad.csv,hashed,False
8,108.2,107.5,108.7,hashed:ttas:nopad,1024,80/10/10,"[107.5, 108.2, 108.7]",measurements/ls6-20261004-022544/part7/hashed_ttas_nopad.csv,hashed,False
16,84.0,83.5,85.2,hashed:ttas:nopad,1024,80/10/10,"[85.2, 83.5, 84.0]",measurements/ls6-20261004-022544/part7/hashed_ttas_nopad.csv,hashed,False
32,90.1,89.0,94.5,hashed:ttas:nopad,1024,80/10/10,"[89.0, 90.1, 94.5]",measurements/ls6-20261004-022544/part7/hashed_ttas_nopad.csv,hashed,False
64,97.1,96.7,97.1,hashed:ttas:nopad,1024,80/10/10,"[97.1, 96.7, 97.1]",measurements/ls6-20261004-022544/part7/hashed_ttas_nopad.csv,hashed,False
96,22.0,17.1,63.7,hashed:ttas:nopad,1024,80/10/10,"[17.1, 22.0, 63.7]",measurements/ls6-20261004-022544/part7/hashed_ttas_nopad.csv,hashed,False
128,64.9,61.5,69.4,hashed:ttas:nopad,1024,80/10/10,"[64.9, 61.5, 69.4]",measurements/ls6-20261004-022544/part7/hashed_ttas_nopad.csv,hashed,False
192,10.3,9.5,12.3,hashed:ttas:nopad,1024,80/10/10,"[10.3, 12.3, 9.5]",measurements/ls6-20261004-022544/part7/hashed_ttas_nopad.csv,hashed,False
256,7.1,7.1,10.3,hashed:ttas:nopad,1024,80/10/10,"[10.3, 7.1, 7.1]",measurements/ls6-20261004-022544/part7/hashed_ttas_nopad.csv,hashed,False
