path,sha256
measurements/frontera-hitm-20261004-135123/manifest.sha256,fb3e3ac6cf1e907b1153ad162126978a7282b32f9682deb654db54bbc86c44fd
measurements/frontera-hitm-20261004-135123/part5/contention_mutex_r1.bench.txt,8740a0ed4eb9e5b984c6f15cce1dbe07a9c4f0d7147209355757bd67597a45f6
measurements/frontera-hitm-20261004-135123/part5/contention_mutex_r1.configuration.txt,e117b74d21d4f6c4659f27921b59ab7b99f1ee6d0560605fbcb770a688ce495f
measurements/frontera-hitm-20261004-135123/part5/contention_mutex_r1.perf.txt,1f6f92827c6fd4e7d8ec51b8dd7c3aaf0ea600a350c59011fe417824fa682d0a
measurements/frontera-hitm-20261004-135123/part5/contention_mutex_r2.bench.txt,be1f5618d6364a813bfaeb4a050d967db56a0245dc0b7d9c0ab4463670a0f7e3
measurements/frontera-hitm-20261004-135123/part5/contention_mutex_r2.configuration.txt,e117b74d21d4f6c4659f27921b59ab7b99f1ee6d0560605fbcb770a688ce495f
measurements/frontera-hitm-20261004-135123/part5/contention_mutex_r2.perf.txt,25ffb663ea3288f0341a6078cb071a5ee2d27a46b5f644a5cf19a90caa5910e4
measurements/frontera-hitm-20261004-135123/part5/contention_mutex_r3.bench.txt,906b3c318222e14f68e7417aa8022533bea09b4115511329726bc8ac90a8e450
measurements/frontera-hitm-20261004-135123/part5/contention_mutex_r3.configuration.txt,e117b74d21d4f6c4659f27921b59ab7b99f1ee6d0560605fbcb770a688ce495f
measurements/frontera-hitm-20261004-135123/part5/contention_mutex_r3.perf.txt,c23979eaab07706bbd282dcef881298e650a5437575d25bf20886847cbea9dc8
measurements/frontera-hitm-20261004-135123/part5/contention_park_r1.bench.txt,d77a7d7d61eaf577f5bf849f3a8cfada9afa4bae97fd23cc799baa7490f6f8fb
measurements/frontera-hitm-20261004-135123/part5/contention_park_r1.configuration.txt,8340860e59d687d8d7730829c1c891cef25c47bfa7596d8fe1cd1f885d7d7408
measurements/frontera-hitm-20261004-135123/part5/contention_park_r1.perf.txt,ffc171bddc33c53e0e15949440c3267e9ba8ede4775a388a2f91cbeb159dfe5f
measurements/frontera-hitm-20261004-135123/part5/contention_park_r2.bench.txt,222d86048aea2a1c4ed23128ece00040bdc532161e7effa45aba32b21abd318f
measurements/frontera-hitm-20261004-135123/part5/contention_park_r2.configuration.txt,8340860e59d687d8d7730829c1c891cef25c47bfa7596d8fe1cd1f885d7d7408
measurements/frontera-hitm-20261004-135123/part5/contention_park_r2.perf.txt,c2251c95ca2bd719b906a2c54974ed247249acd3084c6aacd49437cf0404b108
measurements/frontera-hitm-20261004-135123/part5/contention_park_r3.bench.txt,eced4e4e967f964dea54d49d974dd344b47d3cb2d0ae98ceca3394c462f790b8
measurements/frontera-hitm-20261004-135123/part5/contention_park_r3.configuration.txt,1f9533092b611b84da12beb1dc6f482d37b5dd4600061c43637dd746c7e8b920
measurements/frontera-hitm-20261004-135123/part5/contention_park_r3.perf.txt,c5dc36d5c38939311c93202569f319b9a91b6ce56dca729a15397c5975e2b17c
measurements/frontera-hitm-20261004-135123/part5/contention_tas_r1.bench.txt,1453f8322d884b377f157d298573c4e839b230152ee24f143cbf35eaf00e0798
measurements/frontera-hitm-20261004-135123/part5/contention_tas_r1.configuration.txt,9fba66e83061c79048d01ba23aac8b47e1b36326e4d866a8cdf8244f2eb0f33a
measurements/frontera-hitm-20261004-135123/part5/contention_tas_r1.perf.txt,4b058a3339833282e327eed400466319e966af9c7c8409450dbf9f84cdfc9cb3
measurements/frontera-hitm-20261004-135123/part5/contention_tas_r2.bench.txt,c82d9535a79fd7c95dba9e784566c6b078890f969aaba44c352dbc1ebbb418f9
measurements/frontera-hitm-20261004-135123/part5/contention_tas_r2.configuration.txt,9fba66e83061c79048d01ba23aac8b47e1b36326e4d866a8cdf8244f2eb0f33a
measurements/frontera-hitm-20261004-135123/part5/contention_tas_r2.perf.txt,01b6771092f04f0c1ab85549b4c37e21df260bb6d6b405b7cce899132df407c4
measurements/frontera-hitm-20261004-135123/part5/contention_tas_r3.bench.txt,fbadaec78d0837c5f88f1fa3faaff8ce90fc8e7dd49821909bdd6390bedefad8
measurements/frontera-hitm-20261004-135123/part5/contention_tas_r3.configuration.txt,7743bbddb66c18cd4a84d8270ebda780475d7df89239db70a3a4f193029d532c
measurements/frontera-hitm-20261004-135123/part5/contention_tas_r3.perf.txt,722b5a6a3714fffd0bb30046278ef15b463692a49227767edb4e186c0e4758a9
measurements/frontera-hitm-20261004-135123/part5/contention_ticket_r1.bench.txt,0350fba0624b586d78e38642f81506433774573d1e1d22994a4eda0f9b54a1c2
measurements/frontera-hitm-20261004-135123/part5/contention_ticket_r1.configuration.txt,a1aa61d1180e7d0a80fba71a6c5ce7373baaa07bda5498a02ce23bbdec74bbd2
measurements/frontera-hitm-20261004-135123/part5/contention_ticket_r1.perf.txt,dcc6a7e1a1025fdfd3f1d5d98ee1fbbb35ec5e4d19a47175d2fa6342429f3422
measurements/frontera-hitm-20261004-135123/part5/contention_ticket_r2.bench.txt,a69d85d9cd628ae865eed231b134ffcf4e9e9092590b3d3ceeecbd39fee50740
measurements/frontera-hitm-20261004-135123/part5/contention_ticket_r2.configuration.txt,41aeae0a3df9ec602a8d3e8e835c165a30d40c3aace30c6ed24de04e703f92d4
measurements/frontera-hitm-20261004-135123/part5/contention_ticket_r2.perf.txt,654d5110fee33cd9e8336b9e3b27e0bd815186898d563b3bbc0f3cfb9065640a
measurements/frontera-hitm-20261004-135123/part5/contention_ticket_r3.bench.txt,0aa6652c48cf201ad18a9bb477a7ef78d1de3aa950eb38ae4d1566a3d40ddc0d
measurements/frontera-hitm-20261004-135123/part5/contention_ticket_r3.configuration.txt,a13ab5ce8d5c49f5cc45c1db656c8173100013108dbcaf756aaf1a23b6ec2651
measurements/frontera-hitm-20261004-135123/part5/contention_ticket_r3.perf.txt,1ee298b87b43b9de60525e343a06239ce5ebec698b1fb5c308342917d8e74643
measurements/frontera-hitm-20261004-135123/part5/contention_ttas_r1.bench.txt,e895b47803e0cec4f8ee824a879768802024d40aa3bfd1889ff2a4e042a3b86f
measurements/frontera-hitm-20261004-135123/part5/contention_ttas_r1.configuration.txt,5aa0d2879e57df2d44b17b80fb0500e16c229ec4cd29f6f92d144111bb4a84f5
measurements/frontera-hitm-20261004-135123/part5/contention_ttas_r1.perf.txt,97a34bec00cc0d39831f7ea319f8690d8bd3d8fedb7cf5464e60e271ec5c33bf
measurements/frontera-hitm-20261004-135123/part5/contention_ttas_r2.bench.txt,5e71b291d4685251ab8822182ef66d1ec6351fd03ae90aa0d3b6ac447caee334
measurements/frontera-hitm-20261004-135123/part5/contention_ttas_r2.configuration.txt,5aa0d2879e57df2d44b17b80fb0500e16c229ec4cd29f6f92d144111bb4a84f5
measurements/frontera-hitm-20261004-135123/part5/contention_ttas_r2.perf.txt,1944763fa949acb74039a1c055f23059bf47b9fb3c407cda6be37d17d37ea4c6
measurements/frontera-hitm-20261004-135123/part5/contention_ttas_r3.bench.txt,fdd9e8ab2705970bbb6ffdd0afbe5b464f0b4bd79228e262fed5f13e83d0f916
measurements/frontera-hitm-20261004-135123/part5/contention_ttas_r3.configuration.txt,5aa0d2879e57df2d44b17b80fb0500e16c229ec4cd29f6f92d144111bb4a84f5
measurements/frontera-hitm-20261004-135123/part5/contention_ttas_r3.perf.txt,d998ecf646f22c2d8ce25c721b2a4f460c6a90225731b9662366c073230aad50
measurements/frontera-hitm-20261004-135123/part7/hashed_ttas_nopad_r1.bench.txt,f742e5cb3723b340fcdaeecbc9822291b819b109965c9b4d6f4b4da9a16d35dc
measurements/frontera-hitm-20261004-135123/part7/hashed_ttas_nopad_r1.configuration.txt,361a4c3c7b3c243396943384c46f3eb8201b7df3352648f3999376592c307f4a
measurements/frontera-hitm-20261004-135123/part7/hashed_ttas_nopad_r1.perf.txt,b3dfc1b1a04e4f05b83be1eac1d6c6293fbc624aba6f213e9fb281c8385cee89
measurements/frontera-hitm-20261004-135123/part7/hashed_ttas_nopad_r2.bench.txt,3a903d45f36c8046f07e0a62f8260ca16db9b4129e288c8387cf25a9737e1363
measurements/frontera-hitm-20261004-135123/part7/hashed_ttas_nopad_r2.configuration.txt,361a4c3c7b3c243396943384c46f3eb8201b7df3352648f3999376592c307f4a
measurements/frontera-hitm-20261004-135123/part7/hashed_ttas_nopad_r2.perf.txt,e47c897b84f3fd11bec1f1fc9ecef5c8478898b533dab94624eeab072b0e1a92
measurements/frontera-hitm-20261004-135123/part7/hashed_ttas_nopad_r3.bench.txt,929c8b146dc385f2a53c04469d7b935d0fcd6c71f23399c72a4bed89762f37cf
measurements/frontera-hitm-20261004-135123/part7/hashed_ttas_nopad_r3.configuration.txt,2490c064e4209c5a96fffee1a6b08a0151917595d4886e979fc3c5b696a37446
measurements/frontera-hitm-20261004-135123/part7/hashed_ttas_nopad_r3.perf.txt,06eaa43b018faf99b747c10df48794cbaaf1f49a28a6c2703e99cb3d630d3797
measurements/frontera-hitm-20261004-135123/part7/hashed_ttas_r1.bench.txt,061584b2d1589363333246a1caba63ab54fb2243ab6dc1c63e9afdf24342b432
measurements/frontera-hitm-20261004-135123/part7/hashed_ttas_r1.configuration.txt,cce251d8052b73fe5e284afc85ce6acf0d2e42cc8f148bb44c4cdb3a43f800f4
measurements/frontera-hitm-20261004-135123/part7/hashed_ttas_r1.perf.txt,fd2b8714447278ef3baf7b57d9ead8a5b8cd4199a261dca84439eee3fd1d7b61
measurements/frontera-hitm-20261004-135123/part7/hashed_ttas_r2.bench.txt,7eee156875ab612d85b60cf1e1d12880a2a1db82acc22d5dceee96a3d499bf80
measurements/frontera-hitm-20261004-135123/part7/hashed_ttas_r2.configuration.txt,85c6a8f7fadf0835c15abc315cf02eedc9a316d030539263cac86380317a09f0
measurements/frontera-hitm-20261004-135123/part7/hashed_ttas_r2.perf.txt,ff12e88ba364f6a0f3fc72f892427af7ed3656682ebaa71bc65c1c3bea4de45d
measurements/frontera-hitm-20261004-135123/part7/hashed_ttas_r3.bench.txt,efa7fd9eb93141e397d7510533ba58e7386f1b7b8087ae6e95a6400c678eebdf
measurements/frontera-hitm-20261004-135123/part7/hashed_ttas_r3.configuration.txt,85c6a8f7fadf0835c15abc315cf02eedc9a316d030539263cac86380317a09f0
measurements/frontera-hitm-20261004-135123/part7/hashed_ttas_r3.perf.txt,cc6f79390e1dde70fba1b763bd248ca4435ec616208dd38f1499a390a9e33f80
measurements/frontera-hitm-20261004-135123/source-checksums.txt,52751a33335723a458e50ab8b8412a1bcaeea417ba4e588540a838c25a1427c1
measurements/ls6-20261004-011909/part5/contention_mutex.txt,cb8dd66353d3b2e4cedfd7758bba2aa64063d96cd57a637f91347a282eacd4d1
measurements/ls6-20261004-011909/part5/contention_park.txt,bcd8ae5dd1418ecc71f5781d88a6c55ca05b9dc6858fca37bc26af657c43222f
measurements/ls6-20261004-011909/part5/contention_tas.txt,e736c3b1a3cc71bfd4f1192c6a56b28149b7fb4ede82e4bcc47dd1a677b73b0e
measurements/ls6-20261004-011909/part5/contention_ticket.txt,3faa322b58e77abb130d21eba9e2a1bd21d79a83812fe3dc945e99d7a4cb89b7
measurements/ls6-20261004-011909/part5/contention_ttas.txt,d97f72bda7627eefc5d7c8a7ba02dc33997ea20c2e38c551d379699862f7e9f1
measurements/ls6-20261004-011909/part5/relaxed/locks-tsan.log,297ec6f37b21e7683e0f71b157f819c0bad0c38f033cda972a4df7b7849eb35a
measurements/ls6-20261004-011909/part5/relaxed/plain.log,eb8c90b29b8c594c965651d8391fd5a064d9cc05f82c9d0a02d6d417f2ec78ed
measurements/ls6-20261004-011909/part5/relaxed/plain.status,4c996bb938fd473103408224049f0e2e3fee8a1ad75f8784d672b5e40f8335c4
measurements/ls6-20261004-011909/part5/relaxed/tsan.log,716425406af494854dfcf20de256a958ade4990b94894fcd36ebc399f80ade9e
measurements/ls6-20261004-011909/part5/sharded_mutex.csv,2bb7b816fa5ea444d1f1f362bc80cbb04b70c93a327a418e3856221e800014f0
measurements/ls6-20261004-011909/part5/sharded_park.csv,93c51cf3d01671a5ca91e64e1d453ddeaedaa6e84b1021fdaf0404d86125c84f
measurements/ls6-20261004-011909/part5/sharded_tas.csv,93755a84b1fa30515c6a5efe8a1c7a9f9e2f2c965b23339cd61d24c51620d719
measurements/ls6-20261004-011909/part5/sharded_ticket.csv,3ee7108bb98d899c10174b7fba2019f1629b87633cffd8b962a3e7b207eae3b4
measurements/ls6-20261004-011909/part5/sharded_ttas.csv,bca50ca6383ac4c0ef12a16541da85725b47c73b345c0cc6fae9b874211f7751
measurements/ls6-20261004-011909/part5/sweep.log,6b32932dd4f5260d739bab1b9626565f1f7225c08631d77589b89f86bd2eb8e2
measurements/ls6-20261004-011909/source-checksums.txt,52751a33335723a458e50ab8b8412a1bcaeea417ba4e588540a838c25a1427c1
measurements/ls6-20261004-011909/test.log,db1615348ed1135fb4abf2d8556b521db1962f36d63a5523b516b23df2143442
measurements/ls6-20261004-011909/tsan.log,2a5e13c7d5d2f72f9db9fcc45df69ce837abd0a7b9328b1fa19e47fb69e83af8
measurements/ls6-20261004-015103/part6/mix-100-0-0_shards-1/sharded_rw.csv,18c954fa5c2154df3bf656b8e58ff89a4887f348d5a8298c6522f44f718ef10d
measurements/ls6-20261004-015103/part6/mix-100-0-0_shards-1/sharded_rwp.csv,2d8e5023ea410bfe2c34bfb1c2c4e36678a2ba809551d44b5baf82fe7feba3bc
measurements/ls6-20261004-015103/part6/mix-100-0-0_shards-1/sharded_shared_mutex.csv,f8bb5a0b7b1c241cd54c1d0d3b133200f76021dcb58dffaf05b5a7910372238d
measurements/ls6-20261004-015103/part6/mix-100-0-0_shards-1/sharded_ttas.csv,90b245b905365d43a1163decfa7383014ff186345f23d216c5130bebb9bda9be
measurements/ls6-20261004-015103/part6/mix-100-0-0_shards-1/sweep.log,6abb5324ebe18dda5e6e2ccf3872fd865dc536a977923f3779027f61c2bffa23
measurements/ls6-20261004-015103/part6/mix-50-25-25_shards-1/sharded_rw.csv,8ec69521d42d6e9a8d8ea3f7b05e68749dc1748e2cf07dd5f579bf3d2f58c936
measurements/ls6-20261004-015103/part6/mix-50-25-25_shards-1/sharded_rwp.csv,6fda5c72dd1a2136eaca306182186037d860d1e1a2b70d4885ec359f13bebbb3
measurements/ls6-20261004-015103/part6/mix-50-25-25_shards-1/sharded_shared_mutex.csv,6baa20004994f2a6434896b2025891624510168384aba302789d1852be30a5bd
measurements/ls6-20261004-015103/part6/mix-50-25-25_shards-1/sharded_ttas.csv,900c9c0215e60c31aca2485df9ee69d35a8d97d77c4e2818ac11f1879ff44492
measurements/ls6-20261004-015103/part6/mix-50-25-25_shards-1/sweep.log,99d2f9ac1648f7154ee0be42d095d31a8a2cbc13ca289de0e176d4e4d0db84a9
measurements/ls6-20261004-015103/part6/mix-50-25-25_shards-256/sharded_rw.csv,72b21167f9f539fbce8c8970a6e1643690823f59d78c9d0811b0ac78270bac71
measurements/ls6-20261004-015103/part6/mix-50-25-25_shards-256/sharded_rwp.csv,076eb3e6038c8c8abae209fcf3588d6831ac4d81a335251212c154257dbb640b
measurements/ls6-20261004-015103/part6/mix-50-25-25_shards-256/sharded_shared_mutex.csv,926549acc84c3f781634712496bff249594db8e67d43eecfb8a11545a359b9c8
measurements/ls6-20261004-015103/part6/mix-50-25-25_shards-256/sharded_ttas.csv,3cbf110e05121e453640d74b296e60b2fa4f909a6d5dbcd31aa47d6b297cc8bb
measurements/ls6-20261004-015103/part6/mix-50-25-25_shards-256/sweep.log,1f3e313db31860183dff7bf6d7be9dc6ae67b1538a960af6c3183ce87eaf3552
measurements/ls6-20261004-015103/part6/mix-80-10-10_shards-1/sharded_rw.csv,112c7fc32e1051fdfbcd60b93146488f2c3d7089051c6fc00cf6b64537320a45
measurements/ls6-20261004-015103/part6/mix-80-10-10_shards-1/sharded_rwp.csv,e16e736fbb6202f243f2b4ccd093b69fca606a9030567981406ab96fda0c3ac7
measurements/ls6-20261004-015103/part6/mix-80-10-10_shards-1/sharded_shared_mutex.csv,ae360f672f45e5c6a65b41762ef3696c9313a8def074dc8d5396d216f5edd914
measurements/ls6-20261004-015103/part6/mix-80-10-10_shards-1/sharded_ttas.csv,ff2fc5d916e1acbd13892a10b1a6ddac80f6e9f24a5d2eac2a165af3a733d876
measurements/ls6-20261004-015103/part6/mix-80-10-10_shards-1/sweep.log,3ff3da7d3684f5e8a42d942dbab4f60d035f8774d0f128b9e9f5d13fffdf7bea
measurements/ls6-20261004-015103/part6/mix-80-10-10_shards-256/sharded_rw.csv,17f5eb55a6456a99f811f0235ed4417b0afea7c8a5d0afb242d73d72ab1a59a1
measurements/ls6-20261004-015103/part6/mix-80-10-10_shards-256/sharded_rwp.csv,d0518fdfcfbac5433670c5b3bd1cc4f74f0066010b0dc1b245f400617d4de332
measurements/ls6-20261004-015103/part6/mix-80-10-10_shards-256/sharded_shared_mutex.csv,5b643e976b4a48129310f6ad91e128b6f9d94f09c2bbfdf5a6712a57e1ce4054
measurements/ls6-20261004-015103/part6/mix-80-10-10_shards-256/sharded_ttas.csv,6cd2b5104609a89a6305ccb6e8403fdbd8c1461758a3c3eb62f0a3b87ced1958
measurements/ls6-20261004-015103/part6/mix-80-10-10_shards-256/sweep.log,689e70f14918637ccd954b47686d9b11a72f8d4a19c902ff9ca302101b7d3b63
measurements/ls6-20261004-015103/source-checksums.txt,8f1345c53ebd164f94238db464baa5402544ad27ea31410377cdff0a9159c56c
measurements/ls6-20261004-022544/part6/mix-100-0-0_shards-256/sharded_rw.csv,86dfa5d9aa0a74bb600ca3142a3ae99ec4c1b2f39cb06cadb73c3377b8f40c7e
measurements/ls6-20261004-022544/part6/mix-100-0-0_shards-256/sharded_rwp.csv,18057d809fa1803950e791580ee2c1048dd3b3c9e23b88f35913612ed29c535f
measurements/ls6-20261004-022544/part6/mix-100-0-0_shards-256/sharded_shared_mutex.csv,4adfc92ba473f66b51575d79ac1f51cd3e76a5e68dc1a54978c50604731a68ff
measurements/ls6-20261004-022544/part6/mix-100-0-0_shards-256/sharded_ttas.csv,ddddce89099b98b8e84f73576bf10112f57ce913d137b97d0c72eb8b6b25ab9e
measurements/ls6-20261004-022544/part6/mix-100-0-0_shards-256/sweep.log,b35decaf042c5f1eb104ec2c9afc627d4d9a35aadcc0cb03a7737c3083b7aab7
measurements/ls6-20261004-022544/part6/roles_rw_shards-1.txt,7961dc1b32623431755bd329995cf3ee14adc6c48231c9b380c297795e59a58e
measurements/ls6-20261004-022544/part6/roles_rwp_shards-1.txt,f8d9d6e8747b1753a1796cce6886385be361563c0746bc9433d2d6d44aaffc8e
measurements/ls6-20261004-022544/part7/hashed_ttas.csv,78d0679fe782c3dd5c659dc2808c15384780632f1c2129f74d662a1f65dd5456
measurements/ls6-20261004-022544/part7/hashed_ttas_nopad.csv,64a83819a67a0b87add8e455d4b6db8d02b44f29836ec23b53f873f95155d0fa
measurements/ls6-20261004-022544/part7/hashed_ttas_nopad_padding_perf.txt,b305c66a3f5f8a1a5d44e255fc3112d9fc581cd761d205e11eeeaa0afd8270b4
measurements/ls6-20261004-022544/part7/hashed_ttas_padding_perf.txt,f51ea93d1df9029c751b26dbc810eedef4f4a02b3b018f7816ff89532bbbe1f2
measurements/ls6-20261004-022544/part7/lock_size.txt,9b3f4c53219275bf57f6c77bca912bd32fd9c48874b74e59957f4ea99a0627de
measurements/ls6-20261004-022544/part7/padding_sweep.log,e4bf2b49a2cd6d7cf70e196c985dca780d7463261ce2ef6d807b5a1b49a05eff
measurements/ls6-20261004-022544/part7/sharded_ttas.csv,0a470d1ffa18d79dbea85972a2ac45e99b19fcdf0b1806fdc20e8002c242e298
measurements/ls6-20261004-022544/part7/sharded_ttas_nopad.csv,1b2e6ed3fb07236dfb8264c210beffe0e6bf387392ca3f5d95577ce344294217
measurements/ls6-20261004-022544/part7/stripe_counts_park.txt,36911b7fc2483829e6db5f6919d9724bc80e0872b1bbe6d36947e4040e6a58ce
measurements/ls6-20261004-022544/part7/stripe_counts_ttas.txt,af2e28e54d1f2b9504b85bc3f71c2cfb003dd51a0f14ba8e818bffa8ff5eab36
measurements/ls6-20261004-022544/source-checksums.txt,8f1345c53ebd164f94238db464baa5402544ad27ea31410377cdff0a9159c56c
measurements/ls6-N4096-20261004-162735/environment/source-checksums.txt,52751a33335723a458e50ab8b8412a1bcaeea417ba4e588540a838c25a1427c1
measurements/ls6-N4096-20261004-162735/manifest.sha256,d33dbb9aedcfe42d97533f20195fbf4cc2f38ed97d90e7a8652e67173297dd3f
measurements/ls6-N4096-20261004-162735/part5/oversubscribed_mutex_N4096.txt,91192b8f0697aaae05667e27a85ed5884886a3238ed00a4a5113428ce949d26a
measurements/ls6-N4096-20261004-162735/part5/oversubscribed_park_N4096.txt,239ec42d468045c7bfbc6b76d2722015d16cacbd16ede01440e32c6e15992bb5
measurements/ls6-N4096-20261004-162735/part5/oversubscribed_tas_N4096.txt,5096d474e33c38f14437fb5d3fea0f05b68e3434a813fa90c88dc4df31fdafe7
measurements/ls6-N4096-20261004-162735/part5/oversubscribed_ticket_N4096.txt,1c43afdee0ba96d20415bdd2108ef5ca821bec99d0a9e6bb8214ff599e1ec69f
measurements/ls6-N4096-20261004-162735/part5/oversubscribed_ttas_N4096.txt,6e5bcd3fd5e9776b8d398d5eebe9ece76a68e9e1d79f428f7252fc71dd113338
measurements/ls6-N4096-20261004-162735/part6/mix-100-0-0_shards-4096/sharded_rw.csv,d80a2fcba86fe6fc5dbbe2a85a1cb2e01ba31afae456819dc9c21f1be7c6d641
measurements/ls6-N4096-20261004-162735/part6/mix-100-0-0_shards-4096/sharded_rwp.csv,f9572a3452aee3d5f681a9275a819b1d0acb73edcce302b2953c0e72b9d6f033
measurements/ls6-N4096-20261004-162735/part6/mix-100-0-0_shards-4096/sharded_shared_mutex.csv,651dc37b6ac1adafdbb4690b374e4a64e390b234d5ccf81f14c9350ce108d659
measurements/ls6-N4096-20261004-162735/part6/mix-100-0-0_shards-4096/sharded_ttas.csv,143674194502b6f78b24a475c7203d6ec9e60ea5eceb854d0f03c9ba4876baa8
measurements/ls6-N4096-20261004-162735/part6/mix-100-0-0_shards-4096/sweep.log,1e3af8d0782c1ee359f95d913bfbf40bf126eaed4ed0e97e472d67848585cce9
measurements/ls6-N4096-20261004-162735/part6/mix-50-25-25_shards-4096/sharded_rw.csv,fd39a4adc454e775105ac6d5d1ec52601de3512015a0f5708d3721269e784c4e
measurements/ls6-N4096-20261004-162735/part6/mix-50-25-25_shards-4096/sharded_rwp.csv,dda172f1d30062544dd112ca7fa61eb6ee23437901cd4307365cac76122dbc15
measurements/ls6-N4096-20261004-162735/part6/mix-50-25-25_shards-4096/sharded_shared_mutex.csv,0e1a49cc7243f8b4078941ade00b7627558897f19c8ddfa426ef5d0410520f88
measurements/ls6-N4096-20261004-162735/part6/mix-50-25-25_shards-4096/sharded_ttas.csv,70958a909ce53d71620e36bd291f56daf9259d5d57f4c621db169ef204fd3a8c
measurements/ls6-N4096-20261004-162735/part6/mix-50-25-25_shards-4096/sweep.log,90a7dec18fd0e5c133dfc28cb592e7c670c194b07f28277202364e31b2f4e128
measurements/ls6-N4096-20261004-162735/part6/mix-80-10-10_shards-4096/sharded_rw.csv,9fe3ff13a74f7c284a9bd132aeecefc7ad56d21cd087f4eed31e50b86d338efe
measurements/ls6-N4096-20261004-162735/part6/mix-80-10-10_shards-4096/sharded_rwp.csv,aa001c290c2a42872e27cf4b030d6bb2648c2119b71b627a5b9425229471f64c
measurements/ls6-N4096-20261004-162735/part6/mix-80-10-10_shards-4096/sharded_shared_mutex.csv,0bfa01cbd8209a3351494c7fe083a5f6b47b3fc26918dfae173519f268fd2717
measurements/ls6-N4096-20261004-162735/part6/mix-80-10-10_shards-4096/sharded_ttas.csv,6780e663bc0e166e65a8af2bed6c7510c1b9080229d35c3ae37c0924c5f17028
measurements/ls6-N4096-20261004-162735/part6/mix-80-10-10_shards-4096/sweep.log,dea4686e8084b10c9fafa10a239e0c156bfbac7fb0499fa6bf1354c991a8dc0a
measurements/ls6-N4096-20261004-162735/part6/roles_rw_shards-4096.txt,9c7ff1b4d3317e10126ad2918221e0d95ae24eca466eb3f50fa52369ea1846e0
measurements/ls6-N4096-20261004-162735/part6/roles_rwp_shards-4096.txt,3b7327327dacd87a1ef873ced666c5c9a33b555c4831d9803b75bfe254b37a7b
measurements/ls6-N4096-20261004-162735/part7/buckets_131072_N4096.txt,140a377d6eea552267820c64f0e252fde277a343108d49405d1b6b69921a43f8
measurements/ls6-N4096-20261004-162735/part7/buckets_131072_N4096_perf.txt,26b51606974bfd6e87fc08577cd73f863d1ea8df94d51e13d9223d3b44060b1e
measurements/ls6-N4096-20261004-162735/part7/buckets_2048_N4096.txt,c5d1827892eb63b5fbd565bf392c0a2806799c2d450f2b5bad0b34b1cafad53e
measurements/ls6-N4096-20261004-162735/part7/buckets_2048_N4096_perf.txt,04424948bebb5fa603fa19d5281c9dc26073f03cd747aa713a754b6d1e1c582a
measurements/ls6-N4096-20261004-162735/part7/buckets_2097152_N4096.txt,79c45c6219d5032fea807af5f74573772425f967fb3b7e92487b6e98f529c94e
measurements/ls6-N4096-20261004-162735/part7/buckets_2097152_N4096_perf.txt,498d6bd9b7bec631fbbdc0daacc4db6457447652aa8af1e291e6321fe2276af2
measurements/ls6-N4096-20261004-162735/part7/buckets_32768_N4096.txt,9ae7c7bea3b04533f586a2e6f9f3312df425f863ae5dd659bfd16827ee5fbfda
measurements/ls6-N4096-20261004-162735/part7/buckets_32768_N4096_perf.txt,25a7c5d1a0b471eb24d3340c0d10f31a595faaec4af32075710058aebf58ff24
measurements/ls6-N4096-20261004-162735/part7/buckets_524288_N4096.txt,ac5ee56926d534dc7e0fe629ff6fd2e90a05335d403d29b3ffbcddb355fad852
measurements/ls6-N4096-20261004-162735/part7/buckets_524288_N4096_perf.txt,764135834c7e114e4a13bad271085d0c998ecc2d229852e94aba8a00b1f7a642
measurements/ls6-N4096-20261004-162735/part7/buckets_8192_N4096.txt,b75b8d342efade6cc62ee1e8d6cd917069aaec5e6356107f59c2175a091b8152
measurements/ls6-N4096-20261004-162735/part7/buckets_8192_N4096_perf.txt,4e22291ccfd977278df0d41fd38d22b75cf32a13e6b5fdeaef2c7c68bde5c420
measurements/ls6-N4096-20261004-162735/part7/tree_baseline_N4096.txt,eab147a8acb0b26f51e77641f0863a6b2721e4e7b28d0bd8d62842b582e583f8
measurements/ls6-N4096-part5-followup-20261004-170751/environment/source-checksums.txt,52751a33335723a458e50ab8b8412a1bcaeea417ba4e588540a838c25a1427c1
measurements/ls6-N4096-part5-followup-20261004-170751/manifest.sha256,a16004fb209ad14d85876ae34665319a89de1e962c447cc7327d1a34b95b8890
measurements/ls6-N4096-part5-followup-20261004-170751/part5/five_lock_N4096_sweep.log,13dbb8c11928ed576231cca133728bfe4508b7bebaa3f356a00665ecff9e8d12
measurements/ls6-N4096-part5-followup-20261004-170751/part5/sharded_mutex.csv,b74b6fa52e993f473850edd41b9240299af0b79039c8e3315aadf13f73f01986
measurements/ls6-N4096-part5-followup-20261004-170751/part5/sharded_park.csv,f5611bdc86c02dfe1455b18db780492d5bbeb504971d513fac0b7584c5297cc2
measurements/ls6-N4096-part5-followup-20261004-170751/part5/sharded_tas.csv,823b065d703188befd758c0d19a6f31c6265333f9266c8c7c241e6e95d29dd94
measurements/ls6-N4096-part5-followup-20261004-170751/part5/sharded_ticket.csv,85ae06332700334c4aeac3fca2225b3a5a23647406b0357828474c1ac62a7e3a
measurements/ls6-N4096-part5-followup-20261004-170751/part5/sharded_ttas.csv,4c48567ad41d133f7492e2df6c4e2067512851d4b386c5ff8bb54fad10df8be6
measurements/ls6-part4-followup-20261004-131537/manifest.sha256,d18bac3d1a982bd57d7961f354b1233c49443df24ae3bcdbc5ea30d8392c32f3
measurements/ls6-part4-followup-20261004-131537/part4/shard_counts_mutex.txt,7fc6aa018e57bbf995d0749ad4c58334c8ab5a0b02e40695a669ba8d2b5d9b43
measurements/ls6-part4-followup-20261004-131537/part4/shard_counts_park.txt,ea0b58e8e4a15c818952fa966d70776f8b10a958d0cde7141bfe0355c41cd5a1
measurements/ls6-part4-followup-20261004-131537/part4/shard_counts_ttas.txt,a0ba7a753bdd72350cc31c317700c0c1965f78c136e61dca4161f39998b70d59
measurements/ls6-part4-followup-20261004-131537/part5/oversubscribed_mutex_r1.bench.txt,693b1bbef3c990a01c5d5c9c53873af744e65706f6c72183de81524dabab1359
measurements/ls6-part4-followup-20261004-131537/part5/oversubscribed_mutex_r1.configuration.txt,7c204a9ce74648d769911d0063ff9d19a7466792afb7701b3205186a33bf3cb8
measurements/ls6-part4-followup-20261004-131537/part5/oversubscribed_mutex_r1.perf.txt,df66db8f0d190f3bc5487999b7b5ec0ef52cdc9fd0be7b67851122b980d64a49
measurements/ls6-part4-followup-20261004-131537/part5/oversubscribed_mutex_r2.bench.txt,b1d71b4daa255f34578523524569227ae6adf496483685eee826958f3e5f8833
measurements/ls6-part4-followup-20261004-131537/part5/oversubscribed_mutex_r2.configuration.txt,7c204a9ce74648d769911d0063ff9d19a7466792afb7701b3205186a33bf3cb8
measurements/ls6-part4-followup-20261004-131537/part5/oversubscribed_mutex_r2.perf.txt,fae976eb8cf9065dfea1a9469a6640d5f4143a3d7c9cd3aa4153f89c804692d2
measurements/ls6-part4-followup-20261004-131537/part5/oversubscribed_mutex_r3.bench.txt,6dc02e1228a9c8005799eb6c26459e7b14b034c9dfb70728533fc16d806f2c69
measurements/ls6-part4-followup-20261004-131537/part5/oversubscribed_mutex_r3.configuration.txt,7c204a9ce74648d769911d0063ff9d19a7466792afb7701b3205186a33bf3cb8
measurements/ls6-part4-followup-20261004-131537/part5/oversubscribed_mutex_r3.perf.txt,95796c4714062e9f6425da0f46e5e200ccb1052447d2213815657c7cf5220d45
measurements/ls6-part4-followup-20261004-131537/part5/oversubscribed_park_r1.bench.txt,e15b1f3bff54db02f7294c1f310271602896070ba3ef9707e6da9712a0e75b47
measurements/ls6-part4-followup-20261004-131537/part5/oversubscribed_park_r1.configuration.txt,7c7050702a36546b521e03a5cbbdb9814cf985d4a829036ab65884f1570f1900
measurements/ls6-part4-followup-20261004-131537/part5/oversubscribed_park_r1.perf.txt,eafe38a646203643e8bffcb64d7ba820ae2fb1fe69827124925976f11b0e22f2
measurements/ls6-part4-followup-20261004-131537/part5/oversubscribed_park_r2.bench.txt,e79139f263154de7090c413212ce3c7600c05463f61f7c2a3c8f5facf48bf3f5
measurements/ls6-part4-followup-20261004-131537/part5/oversubscribed_park_r2.configuration.txt,7c7050702a36546b521e03a5cbbdb9814cf985d4a829036ab65884f1570f1900
measurements/ls6-part4-followup-20261004-131537/part5/oversubscribed_park_r2.perf.txt,286dc05cad03a5946f17d466eb483f2fccea9e88647791c0e40884cca8195009
measurements/ls6-part4-followup-20261004-131537/part5/oversubscribed_park_r3.bench.txt,a7bcb851c4e7be9f91b42421053e79b818bf9e911c9c9904c2601c7e3495b11f
measurements/ls6-part4-followup-20261004-131537/part5/oversubscribed_park_r3.configuration.txt,7c7050702a36546b521e03a5cbbdb9814cf985d4a829036ab65884f1570f1900
measurements/ls6-part4-followup-20261004-131537/part5/oversubscribed_park_r3.perf.txt,c8f5885ec4a843a2854f77d9e0e313f56dd6ccf4aca1039d355717580fd14d61
measurements/ls6-part4-followup-20261004-131537/part5/oversubscribed_tas_r1.bench.txt,54bfc5560b321db16a4c58ebb60eae1f3b0aef9ceb54b9289bf22ac3dd9ddffe
measurements/ls6-part4-followup-20261004-131537/part5/oversubscribed_tas_r1.configuration.txt,6288de9949807415dcf9451d32cf786c369e335b276b5975aa34b2e3fa61e43c
measurements/ls6-part4-followup-20261004-131537/part5/oversubscribed_tas_r1.perf.txt,feec0189f4cce97c12aeb9dbbc18e2e1fb61d98de907441cadd15fd28789d925
measurements/ls6-part4-followup-20261004-131537/part5/oversubscribed_tas_r2.bench.txt,7807edb93ed6fc631d71ebe89c2f9c21b0a6fc775e2b78516a65cdcf6daa26db
measurements/ls6-part4-followup-20261004-131537/part5/oversubscribed_tas_r2.configuration.txt,6288de9949807415dcf9451d32cf786c369e335b276b5975aa34b2e3fa61e43c
measurements/ls6-part4-followup-20261004-131537/part5/oversubscribed_tas_r2.perf.txt,feb589da2ae91123f41b44c30332c49caaf9fadd3ea8a48bb31877c5444c44d1
measurements/ls6-part4-followup-20261004-131537/part5/oversubscribed_tas_r3.bench.txt,0a8534ff165855d2c8faaacff7b2fa082b285ccdbaed58877f55bde1ebe6a0fa
measurements/ls6-part4-followup-20261004-131537/part5/oversubscribed_tas_r3.configuration.txt,6288de9949807415dcf9451d32cf786c369e335b276b5975aa34b2e3fa61e43c
measurements/ls6-part4-followup-20261004-131537/part5/oversubscribed_tas_r3.perf.txt,34c1020f6a00c705ad5983ed2e5799a15def0e819d2d93685ac8c811318c331b
measurements/ls6-part4-followup-20261004-131537/part5/oversubscribed_ticket_r1.bench.txt,3142a531662a0c7eea274daf460b89f7726b475bcb6e4721974929b7dda3463b
measurements/ls6-part4-followup-20261004-131537/part5/oversubscribed_ticket_r1.configuration.txt,494e274cfb4f73f1ce92db84a72d28a2dbf00f417bb47071e01bb6c7a54e7cec
measurements/ls6-part4-followup-20261004-131537/part5/oversubscribed_ticket_r1.perf.txt,f8b84092708570f54fedc9da5ec3d1f59b906b0e8e27c3d28b78d4f7cd27133c
measurements/ls6-part4-followup-20261004-131537/part5/oversubscribed_ticket_r2.bench.txt,e8eef042361bf8ec6f21ebae1c1e98009d050263b89c2d187ce247ac37d0fb14
measurements/ls6-part4-followup-20261004-131537/part5/oversubscribed_ticket_r2.configuration.txt,494e274cfb4f73f1ce92db84a72d28a2dbf00f417bb47071e01bb6c7a54e7cec
measurements/ls6-part4-followup-20261004-131537/part5/oversubscribed_ticket_r2.perf.txt,e30e1b595c40c3570d569fdf8191098fda4ac1ea9f3d22129f057aaaaa03d7f6
measurements/ls6-part4-followup-20261004-131537/part5/oversubscribed_ticket_r3.bench.txt,bd3ff8d3d06302dd5e2e65fbe4f15cc31c62c783113234a7b1edf18a5059d601
measurements/ls6-part4-followup-20261004-131537/part5/oversubscribed_ticket_r3.configuration.txt,494e274cfb4f73f1ce92db84a72d28a2dbf00f417bb47071e01bb6c7a54e7cec
measurements/ls6-part4-followup-20261004-131537/part5/oversubscribed_ticket_r3.perf.txt,d72ab3c89071ba410c4e067795017986e388b7202a1ca83e6d2eefab84c60fa2
measurements/ls6-part4-followup-20261004-131537/part5/oversubscribed_ttas_r1.bench.txt,d59fe75c2336cf3c6666b15d80177c0e3bd0f9b104cb7a027c11112454786554
measurements/ls6-part4-followup-20261004-131537/part5/oversubscribed_ttas_r1.configuration.txt,223aa80d2c56324e668ebe461f2ecfc715ab381c36d2f13a145972df26357c5a
measurements/ls6-part4-followup-20261004-131537/part5/oversubscribed_ttas_r1.perf.txt,65e0e9b3dad656bd0264e8a284304a3ef6591f5063d23603d89f4fa4149bb4a0
measurements/ls6-part4-followup-20261004-131537/part5/oversubscribed_ttas_r2.bench.txt,d2d4f5f6d164718c223079c719207f32db81dd225f8ffcf37a126218069a24c3
measurements/ls6-part4-followup-20261004-131537/part5/oversubscribed_ttas_r2.configuration.txt,223aa80d2c56324e668ebe461f2ecfc715ab381c36d2f13a145972df26357c5a
measurements/ls6-part4-followup-20261004-131537/part5/oversubscribed_ttas_r2.perf.txt,dc4e3b2f9a42f9a8ee3995d03565de278f184bff57b03dcd990a82db95009778
measurements/ls6-part4-followup-20261004-131537/part5/oversubscribed_ttas_r3.bench.txt,8a27abc374ecd60b5bfef0d6d260518a8f045cbc348c3cb1e47ec20a2f40a44a
measurements/ls6-part4-followup-20261004-131537/part5/oversubscribed_ttas_r3.configuration.txt,223aa80d2c56324e668ebe461f2ecfc715ab381c36d2f13a145972df26357c5a
measurements/ls6-part4-followup-20261004-131537/part5/oversubscribed_ttas_r3.perf.txt,963bac6743ca40048331ab276db31d058bd23da1653e2bb93dd755310ed76400
measurements/ls6-part4-followup-20261004-131537/part6-repeat/mix-100-0-0_shards-256/sharded_rw.csv,f947b312ad3325e76777847f27653a00e39d469f3d9507c9a632c53ce6c5634f
measurements/ls6-part4-followup-20261004-131537/part6-repeat/mix-100-0-0_shards-256/sharded_rwp.csv,e9e70e92bb1abe4d351c4d9ab736ba60241eb52a8f09f3c5f05e9cc5a9cdebd2
measurements/ls6-part4-followup-20261004-131537/part6-repeat/mix-100-0-0_shards-256/sharded_shared_mutex.csv,2d3e12661c8d5a4a5fe02c6ed259df852f269cb5a901191d0da281fde0420128
measurements/ls6-part4-followup-20261004-131537/part6-repeat/mix-100-0-0_shards-256/sharded_ttas.csv,a3af24828b6b2af3783c95b318cdb1eb57b7cb48b5d03af353525cc5469f306e
measurements/ls6-part4-followup-20261004-131537/part6-repeat/mix-100-0-0_shards-256/sweep.log,32052532bfc9901069df14ed2b4f403b31d1aaadd3412c94189827c6f7b876ba
measurements/ls6-part4-followup-20261004-131537/part6-repeat/mix-50-25-25_shards-256/sharded_rw.csv,701f6594bf8442fab195f2880f4ebc0b3fb16ea812273369ab19e6de15ab90f2
measurements/ls6-part4-followup-20261004-131537/part6-repeat/mix-50-25-25_shards-256/sharded_rwp.csv,f22e20b2c9079aaa6822ae831da050a8877d14be87f63b55d0006834c83e3030
measurements/ls6-part4-followup-20261004-131537/part6-repeat/mix-50-25-25_shards-256/sharded_shared_mutex.csv,8c528198cf0f06f7b545a215c1ec98b032e758ea4c1e63ee3ba0377fbbd5f9ef
measurements/ls6-part4-followup-20261004-131537/part6-repeat/mix-50-25-25_shards-256/sharded_ttas.csv,91466bcc66470c2cf3ba678d019d2ba0b2c63f63b25dff9a5e5b3848571013ff
measurements/ls6-part4-followup-20261004-131537/part6-repeat/mix-50-25-25_shards-256/sweep.log,20ec5b54e6068141e725272432d5f2d851b883cbc4e96595d8dcef62ba125f34
measurements/ls6-part4-followup-20261004-131537/part6-repeat/mix-80-10-10_shards-256/sharded_rw.csv,0b04ae74367eb5456b9814ef9cbad1c109f33b447330aacca680fcd5f99035c1
measurements/ls6-part4-followup-20261004-131537/part6-repeat/mix-80-10-10_shards-256/sharded_rwp.csv,1dcb3db4e6ebeda4003a47d6cadc7928745e11179c79d2536b34e00d777dd3c8
measurements/ls6-part4-followup-20261004-131537/part6-repeat/mix-80-10-10_shards-256/sharded_shared_mutex.csv,9b055a87bb274faf09e98a9c4068b766810a9b0663ddb71f1b73bd6f6af7a083
measurements/ls6-part4-followup-20261004-131537/part6-repeat/mix-80-10-10_shards-256/sharded_ttas.csv,b861670c48c15a6cc8c56cbb36093b3d4242600af95b842175b64eebdeaa7aa8
measurements/ls6-part4-followup-20261004-131537/part6-repeat/mix-80-10-10_shards-256/sweep.log,bc8a9e204c4725293feb0b6fa3ab52a9930fb36fcb85c836ee6aebb95de8a245
measurements/ls6-part4-followup-20261004-131537/source-checksums.txt,52751a33335723a458e50ab8b8412a1bcaeea417ba4e588540a838c25a1427c1
