copied_relative_path,original_relative_path,report_use,sha256
measurements/frontera-hitm-20261004-135123/affinity.txt,measurements/frontera-hitm-20261004-135123/affinity.txt,"Parts 5-7: selected measurement archive machine, affinity, configuration, and source provenance",86dcf1235b683d766b76b2c0698ead773a344d9d25bcb5e85f781dd4841f6b72
measurements/frontera-hitm-20261004-135123/allocation.txt,measurements/frontera-hitm-20261004-135123/allocation.txt,"Parts 5-7: selected measurement archive machine, affinity, configuration, and source provenance",6bdacb44880407e158b8543310ad5a380c8a7fc54feffb37b75d3491ff5b46ac
measurements/frontera-hitm-20261004-135123/compiler.txt,measurements/frontera-hitm-20261004-135123/compiler.txt,"Parts 5-7: selected measurement archive machine, affinity, configuration, and source provenance",0ec8c7a54d5be5b3bad17fd8d3e2a7cdc51f94a728f42f91b2f5a442199bc413
measurements/frontera-hitm-20261004-135123/configuration.txt,measurements/frontera-hitm-20261004-135123/configuration.txt,"Parts 5-7: selected measurement archive machine, affinity, configuration, and source provenance",60ebd6db40b6c2d25950da9195c7948c11b696afe8a20b990c03f2cbcd5217b1
measurements/frontera-hitm-20261004-135123/finished_at.txt,measurements/frontera-hitm-20261004-135123/finished_at.txt,"Parts 5-7: selected measurement archive machine, affinity, configuration, and source provenance",8bd6dd2b10e68e6b069d1f808c8fb3b55dd3939d276c1ad2f336541113a29f45
measurements/frontera-hitm-20261004-135123/hostname.txt,measurements/frontera-hitm-20261004-135123/hostname.txt,"Parts 5-7: selected measurement archive machine, affinity, configuration, and source provenance",c365377429fdf4b79a6aab8b76084f02664f635b028ce48c308c0c74d902ae16
measurements/frontera-hitm-20261004-135123/lscpu.txt,measurements/frontera-hitm-20261004-135123/lscpu.txt,"Parts 5-7: selected measurement archive machine, affinity, configuration, and source provenance",6bb84dc44d94bcf09086b39b286106baf5cfd9bc09ce80d1ab1949219640b1ea
measurements/frontera-hitm-20261004-135123/part5/contention_mutex_r1.bench.txt,measurements/frontera-hitm-20261004-135123/part5/contention_mutex_r1.bench.txt,"Part 5: Frontera one-shard contention counters, all repetitions — matching operations/configuration",8740a0ed4eb9e5b984c6f15cce1dbe07a9c4f0d7147209355757bd67597a45f6
measurements/frontera-hitm-20261004-135123/part5/contention_mutex_r1.configuration.txt,measurements/frontera-hitm-20261004-135123/part5/contention_mutex_r1.configuration.txt,"Part 5: Frontera one-shard contention counters, all repetitions — matching operations/configuration",e117b74d21d4f6c4659f27921b59ab7b99f1ee6d0560605fbcb770a688ce495f
measurements/frontera-hitm-20261004-135123/part5/contention_mutex_r1.perf.txt,measurements/frontera-hitm-20261004-135123/part5/contention_mutex_r1.perf.txt,"Part 5: Frontera one-shard contention counters, all repetitions",1f6f92827c6fd4e7d8ec51b8dd7c3aaf0ea600a350c59011fe417824fa682d0a
measurements/frontera-hitm-20261004-135123/part5/contention_mutex_r2.bench.txt,measurements/frontera-hitm-20261004-135123/part5/contention_mutex_r2.bench.txt,"Part 5: Frontera one-shard contention counters, all repetitions — matching operations/configuration",be1f5618d6364a813bfaeb4a050d967db56a0245dc0b7d9c0ab4463670a0f7e3
measurements/frontera-hitm-20261004-135123/part5/contention_mutex_r2.configuration.txt,measurements/frontera-hitm-20261004-135123/part5/contention_mutex_r2.configuration.txt,"Part 5: Frontera one-shard contention counters, all repetitions — matching operations/configuration",e117b74d21d4f6c4659f27921b59ab7b99f1ee6d0560605fbcb770a688ce495f
measurements/frontera-hitm-20261004-135123/part5/contention_mutex_r2.perf.txt,measurements/frontera-hitm-20261004-135123/part5/contention_mutex_r2.perf.txt,"Part 5: Frontera one-shard contention counters, all repetitions",25ffb663ea3288f0341a6078cb071a5ee2d27a46b5f644a5cf19a90caa5910e4
measurements/frontera-hitm-20261004-135123/part5/contention_mutex_r3.bench.txt,measurements/frontera-hitm-20261004-135123/part5/contention_mutex_r3.bench.txt,"Part 5: Frontera one-shard contention counters, all repetitions — matching operations/configuration",906b3c318222e14f68e7417aa8022533bea09b4115511329726bc8ac90a8e450
measurements/frontera-hitm-20261004-135123/part5/contention_mutex_r3.configuration.txt,measurements/frontera-hitm-20261004-135123/part5/contention_mutex_r3.configuration.txt,"Part 5: Frontera one-shard contention counters, all repetitions — matching operations/configuration",e117b74d21d4f6c4659f27921b59ab7b99f1ee6d0560605fbcb770a688ce495f
measurements/frontera-hitm-20261004-135123/part5/contention_mutex_r3.perf.txt,measurements/frontera-hitm-20261004-135123/part5/contention_mutex_r3.perf.txt,"Part 5: Frontera one-shard contention counters, all repetitions",c23979eaab07706bbd282dcef881298e650a5437575d25bf20886847cbea9dc8
measurements/frontera-hitm-20261004-135123/part5/contention_park_r1.bench.txt,measurements/frontera-hitm-20261004-135123/part5/contention_park_r1.bench.txt,"Part 5: Frontera one-shard contention counters, all repetitions — matching operations/configuration",d77a7d7d61eaf577f5bf849f3a8cfada9afa4bae97fd23cc799baa7490f6f8fb
measurements/frontera-hitm-20261004-135123/part5/contention_park_r1.configuration.txt,measurements/frontera-hitm-20261004-135123/part5/contention_park_r1.configuration.txt,"Part 5: Frontera one-shard contention counters, all repetitions — matching operations/configuration",8340860e59d687d8d7730829c1c891cef25c47bfa7596d8fe1cd1f885d7d7408
measurements/frontera-hitm-20261004-135123/part5/contention_park_r1.perf.txt,measurements/frontera-hitm-20261004-135123/part5/contention_park_r1.perf.txt,"Part 5: Frontera one-shard contention counters, all repetitions",ffc171bddc33c53e0e15949440c3267e9ba8ede4775a388a2f91cbeb159dfe5f
measurements/frontera-hitm-20261004-135123/part5/contention_park_r2.bench.txt,measurements/frontera-hitm-20261004-135123/part5/contention_park_r2.bench.txt,"Part 5: Frontera one-shard contention counters, all repetitions — matching operations/configuration",222d86048aea2a1c4ed23128ece00040bdc532161e7effa45aba32b21abd318f
measurements/frontera-hitm-20261004-135123/part5/contention_park_r2.configuration.txt,measurements/frontera-hitm-20261004-135123/part5/contention_park_r2.configuration.txt,"Part 5: Frontera one-shard contention counters, all repetitions — matching operations/configuration",8340860e59d687d8d7730829c1c891cef25c47bfa7596d8fe1cd1f885d7d7408
measurements/frontera-hitm-20261004-135123/part5/contention_park_r2.perf.txt,measurements/frontera-hitm-20261004-135123/part5/contention_park_r2.perf.txt,"Part 5: Frontera one-shard contention counters, all repetitions",c2251c95ca2bd719b906a2c54974ed247249acd3084c6aacd49437cf0404b108
measurements/frontera-hitm-20261004-135123/part5/contention_park_r3.bench.txt,measurements/frontera-hitm-20261004-135123/part5/contention_park_r3.bench.txt,"Part 5: Frontera one-shard contention counters, all repetitions — matching operations/configuration",eced4e4e967f964dea54d49d974dd344b47d3cb2d0ae98ceca3394c462f790b8
measurements/frontera-hitm-20261004-135123/part5/contention_park_r3.configuration.txt,measurements/frontera-hitm-20261004-135123/part5/contention_park_r3.configuration.txt,"Part 5: Frontera one-shard contention counters, all repetitions — matching operations/configuration",1f9533092b611b84da12beb1dc6f482d37b5dd4600061c43637dd746c7e8b920
measurements/frontera-hitm-20261004-135123/part5/contention_park_r3.perf.txt,measurements/frontera-hitm-20261004-135123/part5/contention_park_r3.perf.txt,"Part 5: Frontera one-shard contention counters, all repetitions",c5dc36d5c38939311c93202569f319b9a91b6ce56dca729a15397c5975e2b17c
measurements/frontera-hitm-20261004-135123/part5/contention_tas_r1.bench.txt,measurements/frontera-hitm-20261004-135123/part5/contention_tas_r1.bench.txt,"Part 5: Frontera one-shard contention counters, all repetitions — matching operations/configuration",1453f8322d884b377f157d298573c4e839b230152ee24f143cbf35eaf00e0798
measurements/frontera-hitm-20261004-135123/part5/contention_tas_r1.configuration.txt,measurements/frontera-hitm-20261004-135123/part5/contention_tas_r1.configuration.txt,"Part 5: Frontera one-shard contention counters, all repetitions — matching operations/configuration",9fba66e83061c79048d01ba23aac8b47e1b36326e4d866a8cdf8244f2eb0f33a
measurements/frontera-hitm-20261004-135123/part5/contention_tas_r1.perf.txt,measurements/frontera-hitm-20261004-135123/part5/contention_tas_r1.perf.txt,"Part 5: Frontera one-shard contention counters, all repetitions",4b058a3339833282e327eed400466319e966af9c7c8409450dbf9f84cdfc9cb3
measurements/frontera-hitm-20261004-135123/part5/contention_tas_r2.bench.txt,measurements/frontera-hitm-20261004-135123/part5/contention_tas_r2.bench.txt,"Part 5: Frontera one-shard contention counters, all repetitions — matching operations/configuration",c82d9535a79fd7c95dba9e784566c6b078890f969aaba44c352dbc1ebbb418f9
measurements/frontera-hitm-20261004-135123/part5/contention_tas_r2.configuration.txt,measurements/frontera-hitm-20261004-135123/part5/contention_tas_r2.configuration.txt,"Part 5: Frontera one-shard contention counters, all repetitions — matching operations/configuration",9fba66e83061c79048d01ba23aac8b47e1b36326e4d866a8cdf8244f2eb0f33a
measurements/frontera-hitm-20261004-135123/part5/contention_tas_r2.perf.txt,measurements/frontera-hitm-20261004-135123/part5/contention_tas_r2.perf.txt,"Part 5: Frontera one-shard contention counters, all repetitions",01b6771092f04f0c1ab85549b4c37e21df260bb6d6b405b7cce899132df407c4
measurements/frontera-hitm-20261004-135123/part5/contention_tas_r3.bench.txt,measurements/frontera-hitm-20261004-135123/part5/contention_tas_r3.bench.txt,"Part 5: Frontera one-shard contention counters, all repetitions — matching operations/configuration",fbadaec78d0837c5f88f1fa3faaff8ce90fc8e7dd49821909bdd6390bedefad8
measurements/frontera-hitm-20261004-135123/part5/contention_tas_r3.configuration.txt,measurements/frontera-hitm-20261004-135123/part5/contention_tas_r3.configuration.txt,"Part 5: Frontera one-shard contention counters, all repetitions — matching operations/configuration",7743bbddb66c18cd4a84d8270ebda780475d7df89239db70a3a4f193029d532c
measurements/frontera-hitm-20261004-135123/part5/contention_tas_r3.perf.txt,measurements/frontera-hitm-20261004-135123/part5/contention_tas_r3.perf.txt,"Part 5: Frontera one-shard contention counters, all repetitions",722b5a6a3714fffd0bb30046278ef15b463692a49227767edb4e186c0e4758a9
measurements/frontera-hitm-20261004-135123/part5/contention_ticket_r1.bench.txt,measurements/frontera-hitm-20261004-135123/part5/contention_ticket_r1.bench.txt,"Part 5: Frontera one-shard contention counters, all repetitions — matching operations/configuration",0350fba0624b586d78e38642f81506433774573d1e1d22994a4eda0f9b54a1c2
measurements/frontera-hitm-20261004-135123/part5/contention_ticket_r1.configuration.txt,measurements/frontera-hitm-20261004-135123/part5/contention_ticket_r1.configuration.txt,"Part 5: Frontera one-shard contention counters, all repetitions — matching operations/configuration",a1aa61d1180e7d0a80fba71a6c5ce7373baaa07bda5498a02ce23bbdec74bbd2
measurements/frontera-hitm-20261004-135123/part5/contention_ticket_r1.perf.txt,measurements/frontera-hitm-20261004-135123/part5/contention_ticket_r1.perf.txt,"Part 5: Frontera one-shard contention counters, all repetitions",dcc6a7e1a1025fdfd3f1d5d98ee1fbbb35ec5e4d19a47175d2fa6342429f3422
measurements/frontera-hitm-20261004-135123/part5/contention_ticket_r2.bench.txt,measurements/frontera-hitm-20261004-135123/part5/contention_ticket_r2.bench.txt,"Part 5: Frontera one-shard contention counters, all repetitions — matching operations/configuration",a69d85d9cd628ae865eed231b134ffcf4e9e9092590b3d3ceeecbd39fee50740
measurements/frontera-hitm-20261004-135123/part5/contention_ticket_r2.configuration.txt,measurements/frontera-hitm-20261004-135123/part5/contention_ticket_r2.configuration.txt,"Part 5: Frontera one-shard contention counters, all repetitions — matching operations/configuration",41aeae0a3df9ec602a8d3e8e835c165a30d40c3aace30c6ed24de04e703f92d4
measurements/frontera-hitm-20261004-135123/part5/contention_ticket_r2.perf.txt,measurements/frontera-hitm-20261004-135123/part5/contention_ticket_r2.perf.txt,"Part 5: Frontera one-shard contention counters, all repetitions",654d5110fee33cd9e8336b9e3b27e0bd815186898d563b3bbc0f3cfb9065640a
measurements/frontera-hitm-20261004-135123/part5/contention_ticket_r3.bench.txt,measurements/frontera-hitm-20261004-135123/part5/contention_ticket_r3.bench.txt,"Part 5: Frontera one-shard contention counters, all repetitions — matching operations/configuration",0aa6652c48cf201ad18a9bb477a7ef78d1de3aa950eb38ae4d1566a3d40ddc0d
measurements/frontera-hitm-20261004-135123/part5/contention_ticket_r3.configuration.txt,measurements/frontera-hitm-20261004-135123/part5/contention_ticket_r3.configuration.txt,"Part 5: Frontera one-shard contention counters, all repetitions — matching operations/configuration",a13ab5ce8d5c49f5cc45c1db656c8173100013108dbcaf756aaf1a23b6ec2651
measurements/frontera-hitm-20261004-135123/part5/contention_ticket_r3.perf.txt,measurements/frontera-hitm-20261004-135123/part5/contention_ticket_r3.perf.txt,"Part 5: Frontera one-shard contention counters, all repetitions",1ee298b87b43b9de60525e343a06239ce5ebec698b1fb5c308342917d8e74643
measurements/frontera-hitm-20261004-135123/part5/contention_ttas_r1.bench.txt,measurements/frontera-hitm-20261004-135123/part5/contention_ttas_r1.bench.txt,"Part 5: Frontera one-shard contention counters, all repetitions — matching operations/configuration",e895b47803e0cec4f8ee824a879768802024d40aa3bfd1889ff2a4e042a3b86f
measurements/frontera-hitm-20261004-135123/part5/contention_ttas_r1.configuration.txt,measurements/frontera-hitm-20261004-135123/part5/contention_ttas_r1.configuration.txt,"Part 5: Frontera one-shard contention counters, all repetitions — matching operations/configuration",5aa0d2879e57df2d44b17b80fb0500e16c229ec4cd29f6f92d144111bb4a84f5
measurements/frontera-hitm-20261004-135123/part5/contention_ttas_r1.perf.txt,measurements/frontera-hitm-20261004-135123/part5/contention_ttas_r1.perf.txt,"Part 5: Frontera one-shard contention counters, all repetitions",97a34bec00cc0d39831f7ea319f8690d8bd3d8fedb7cf5464e60e271ec5c33bf
measurements/frontera-hitm-20261004-135123/part5/contention_ttas_r2.bench.txt,measurements/frontera-hitm-20261004-135123/part5/contention_ttas_r2.bench.txt,"Part 5: Frontera one-shard contention counters, all repetitions — matching operations/configuration",5e71b291d4685251ab8822182ef66d1ec6351fd03ae90aa0d3b6ac447caee334
measurements/frontera-hitm-20261004-135123/part5/contention_ttas_r2.configuration.txt,measurements/frontera-hitm-20261004-135123/part5/contention_ttas_r2.configuration.txt,"Part 5: Frontera one-shard contention counters, all repetitions — matching operations/configuration",5aa0d2879e57df2d44b17b80fb0500e16c229ec4cd29f6f92d144111bb4a84f5
measurements/frontera-hitm-20261004-135123/part5/contention_ttas_r2.perf.txt,measurements/frontera-hitm-20261004-135123/part5/contention_ttas_r2.perf.txt,"Part 5: Frontera one-shard contention counters, all repetitions",1944763fa949acb74039a1c055f23059bf47b9fb3c407cda6be37d17d37ea4c6
measurements/frontera-hitm-20261004-135123/part5/contention_ttas_r3.bench.txt,measurements/frontera-hitm-20261004-135123/part5/contention_ttas_r3.bench.txt,"Part 5: Frontera one-shard contention counters, all repetitions — matching operations/configuration",fdd9e8ab2705970bbb6ffdd0afbe5b464f0b4bd79228e262fed5f13e83d0f916
measurements/frontera-hitm-20261004-135123/part5/contention_ttas_r3.configuration.txt,measurements/frontera-hitm-20261004-135123/part5/contention_ttas_r3.configuration.txt,"Part 5: Frontera one-shard contention counters, all repetitions — matching operations/configuration",5aa0d2879e57df2d44b17b80fb0500e16c229ec4cd29f6f92d144111bb4a84f5
measurements/frontera-hitm-20261004-135123/part5/contention_ttas_r3.perf.txt,measurements/frontera-hitm-20261004-135123/part5/contention_ttas_r3.perf.txt,"Part 5: Frontera one-shard contention counters, all repetitions",d998ecf646f22c2d8ce25c721b2a4f460c6a90225731b9662366c073230aad50
measurements/frontera-hitm-20261004-135123/part7/hashed_ttas_nopad_r1.bench.txt,measurements/frontera-hitm-20261004-135123/part7/hashed_ttas_nopad_r1.bench.txt,"Part 7: Frontera padding counters, all repetitions — matching operations/configuration",f742e5cb3723b340fcdaeecbc9822291b819b109965c9b4d6f4b4da9a16d35dc
measurements/frontera-hitm-20261004-135123/part7/hashed_ttas_nopad_r1.configuration.txt,measurements/frontera-hitm-20261004-135123/part7/hashed_ttas_nopad_r1.configuration.txt,"Part 7: Frontera padding counters, all repetitions — matching operations/configuration",361a4c3c7b3c243396943384c46f3eb8201b7df3352648f3999376592c307f4a
measurements/frontera-hitm-20261004-135123/part7/hashed_ttas_nopad_r1.perf.txt,measurements/frontera-hitm-20261004-135123/part7/hashed_ttas_nopad_r1.perf.txt,"Part 7: Frontera padding counters, all repetitions",b3dfc1b1a04e4f05b83be1eac1d6c6293fbc624aba6f213e9fb281c8385cee89
measurements/frontera-hitm-20261004-135123/part7/hashed_ttas_nopad_r2.bench.txt,measurements/frontera-hitm-20261004-135123/part7/hashed_ttas_nopad_r2.bench.txt,"Part 7: Frontera padding counters, all repetitions — matching operations/configuration",3a903d45f36c8046f07e0a62f8260ca16db9b4129e288c8387cf25a9737e1363
measurements/frontera-hitm-20261004-135123/part7/hashed_ttas_nopad_r2.configuration.txt,measurements/frontera-hitm-20261004-135123/part7/hashed_ttas_nopad_r2.configuration.txt,"Part 7: Frontera padding counters, all repetitions — matching operations/configuration",361a4c3c7b3c243396943384c46f3eb8201b7df3352648f3999376592c307f4a
measurements/frontera-hitm-20261004-135123/part7/hashed_ttas_nopad_r2.perf.txt,measurements/frontera-hitm-20261004-135123/part7/hashed_ttas_nopad_r2.perf.txt,"Part 7: Frontera padding counters, all repetitions",e47c897b84f3fd11bec1f1fc9ecef5c8478898b533dab94624eeab072b0e1a92
measurements/frontera-hitm-20261004-135123/part7/hashed_ttas_nopad_r3.bench.txt,measurements/frontera-hitm-20261004-135123/part7/hashed_ttas_nopad_r3.bench.txt,"Part 7: Frontera padding counters, all repetitions — matching operations/configuration",929c8b146dc385f2a53c04469d7b935d0fcd6c71f23399c72a4bed89762f37cf
measurements/frontera-hitm-20261004-135123/part7/hashed_ttas_nopad_r3.configuration.txt,measurements/frontera-hitm-20261004-135123/part7/hashed_ttas_nopad_r3.configuration.txt,"Part 7: Frontera padding counters, all repetitions — matching operations/configuration",2490c064e4209c5a96fffee1a6b08a0151917595d4886e979fc3c5b696a37446
measurements/frontera-hitm-20261004-135123/part7/hashed_ttas_nopad_r3.perf.txt,measurements/frontera-hitm-20261004-135123/part7/hashed_ttas_nopad_r3.perf.txt,"Part 7: Frontera padding counters, all repetitions",06eaa43b018faf99b747c10df48794cbaaf1f49a28a6c2703e99cb3d630d3797
measurements/frontera-hitm-20261004-135123/part7/hashed_ttas_r1.bench.txt,measurements/frontera-hitm-20261004-135123/part7/hashed_ttas_r1.bench.txt,"Part 7: Frontera padding counters, all repetitions — matching operations/configuration",061584b2d1589363333246a1caba63ab54fb2243ab6dc1c63e9afdf24342b432
measurements/frontera-hitm-20261004-135123/part7/hashed_ttas_r1.configuration.txt,measurements/frontera-hitm-20261004-135123/part7/hashed_ttas_r1.configuration.txt,"Part 7: Frontera padding counters, all repetitions — matching operations/configuration",cce251d8052b73fe5e284afc85ce6acf0d2e42cc8f148bb44c4cdb3a43f800f4
measurements/frontera-hitm-20261004-135123/part7/hashed_ttas_r1.perf.txt,measurements/frontera-hitm-20261004-135123/part7/hashed_ttas_r1.perf.txt,"Part 7: Frontera padding counters, all repetitions",fd2b8714447278ef3baf7b57d9ead8a5b8cd4199a261dca84439eee3fd1d7b61
measurements/frontera-hitm-20261004-135123/part7/hashed_ttas_r2.bench.txt,measurements/frontera-hitm-20261004-135123/part7/hashed_ttas_r2.bench.txt,"Part 7: Frontera padding counters, all repetitions — matching operations/configuration",7eee156875ab612d85b60cf1e1d12880a2a1db82acc22d5dceee96a3d499bf80
measurements/frontera-hitm-20261004-135123/part7/hashed_ttas_r2.configuration.txt,measurements/frontera-hitm-20261004-135123/part7/hashed_ttas_r2.configuration.txt,"Part 7: Frontera padding counters, all repetitions — matching operations/configuration",85c6a8f7fadf0835c15abc315cf02eedc9a316d030539263cac86380317a09f0
measurements/frontera-hitm-20261004-135123/part7/hashed_ttas_r2.perf.txt,measurements/frontera-hitm-20261004-135123/part7/hashed_ttas_r2.perf.txt,"Part 7: Frontera padding counters, all repetitions",ff12e88ba364f6a0f3fc72f892427af7ed3656682ebaa71bc65c1c3bea4de45d
measurements/frontera-hitm-20261004-135123/part7/hashed_ttas_r3.bench.txt,measurements/frontera-hitm-20261004-135123/part7/hashed_ttas_r3.bench.txt,"Part 7: Frontera padding counters, all repetitions — matching operations/configuration",efa7fd9eb93141e397d7510533ba58e7386f1b7b8087ae6e95a6400c678eebdf
measurements/frontera-hitm-20261004-135123/part7/hashed_ttas_r3.configuration.txt,measurements/frontera-hitm-20261004-135123/part7/hashed_ttas_r3.configuration.txt,"Part 7: Frontera padding counters, all repetitions — matching operations/configuration",85c6a8f7fadf0835c15abc315cf02eedc9a316d030539263cac86380317a09f0
measurements/frontera-hitm-20261004-135123/part7/hashed_ttas_r3.perf.txt,measurements/frontera-hitm-20261004-135123/part7/hashed_ttas_r3.perf.txt,"Part 7: Frontera padding counters, all repetitions",cc6f79390e1dde70fba1b763bd248ca4435ec616208dd38f1499a390a9e33f80
measurements/frontera-hitm-20261004-135123/perf-list.txt,measurements/frontera-hitm-20261004-135123/perf-list.txt,"Parts 5-7: selected measurement archive machine, affinity, configuration, and source provenance",9c3869e9dc51033bde085804065ce4f70a0ed14420ef7e90d2fce79342ca1f59
measurements/frontera-hitm-20261004-135123/perf-version.txt,measurements/frontera-hitm-20261004-135123/perf-version.txt,"Parts 5-7: selected measurement archive machine, affinity, configuration, and source provenance",517143f11bbfe097918346a09a03e2216c7ac7a255250f43959adb4e2ec9fae4
measurements/frontera-hitm-20261004-135123/source-checksums.txt,measurements/frontera-hitm-20261004-135123/source-checksums.txt,"Parts 5-7: selected measurement archive machine, affinity, configuration, and source provenance",52751a33335723a458e50ab8b8412a1bcaeea417ba4e588540a838c25a1427c1
measurements/frontera-hitm-20261004-135123/started_at.txt,measurements/frontera-hitm-20261004-135123/started_at.txt,"Parts 5-7: selected measurement archive machine, affinity, configuration, and source provenance",fe217ef940e900bae8a79478bfffba30a08726f4191e4e0b0726dbf6d2ee524f
measurements/frontera-hitm-20261004-135123/topology.csv,measurements/frontera-hitm-20261004-135123/topology.csv,"Parts 5-7: selected measurement archive machine, affinity, configuration, and source provenance",d50731b558bb884aaa55dfbd0715165ceb9d27e6de76aeeef597065f86bf7dc7
measurements/ls6-20261004-011909/compiler.txt,measurements/ls6-20261004-011909/compiler.txt,All parts: source-matched correctness and TSan validation and environment,0862052071eec9a502d6d6ff9f72f872d0c61897ff761c39819f12e132dcd370
measurements/ls6-20261004-011909/hostname.txt,measurements/ls6-20261004-011909/hostname.txt,All parts: source-matched correctness and TSan validation and environment,99752f3b4cc13eed15d058deac38989e8070139d4eafd53519e61ad00467a6da
measurements/ls6-20261004-011909/lscpu.txt,measurements/ls6-20261004-011909/lscpu.txt,All parts: source-matched correctness and TSan validation and environment,d2cdab0783c6c3d036c609dbad80b71b616b39e680b6cc637197dd20db8ebb00
measurements/ls6-20261004-011909/part5/relaxed/change.diff,measurements/ls6-20261004-011909/part5/relaxed/change.diff,Part 5: relaxed-ordering experiment raw outcomes and experimental change,d303cf60b0901775a4ad9d2d31ab101db8ae187e12a0953180512dc8a1727a40
measurements/ls6-20261004-011909/part5/relaxed/locks-tsan.log,measurements/ls6-20261004-011909/part5/relaxed/locks-tsan.log,Part 5: relaxed-ordering experiment raw outcomes and experimental change,297ec6f37b21e7683e0f71b157f819c0bad0c38f033cda972a4df7b7849eb35a
measurements/ls6-20261004-011909/part5/relaxed/locks-tsan.status,measurements/ls6-20261004-011909/part5/relaxed/locks-tsan.status,Part 5: relaxed-ordering experiment raw outcomes and experimental change,75550f33791fe2bd74b8c654bbef7316b9720f2a6d7c04f611c270aa67b020f5
measurements/ls6-20261004-011909/part5/relaxed/plain.log,measurements/ls6-20261004-011909/part5/relaxed/plain.log,Part 5: relaxed-ordering experiment raw outcomes and experimental change,eb8c90b29b8c594c965651d8391fd5a064d9cc05f82c9d0a02d6d417f2ec78ed
measurements/ls6-20261004-011909/part5/relaxed/plain.status,measurements/ls6-20261004-011909/part5/relaxed/plain.status,Part 5: relaxed-ordering experiment raw outcomes and experimental change,4c996bb938fd473103408224049f0e2e3fee8a1ad75f8784d672b5e40f8335c4
measurements/ls6-20261004-011909/part5/relaxed/tsan.log,measurements/ls6-20261004-011909/part5/relaxed/tsan.log,Part 5: relaxed-ordering experiment raw outcomes and experimental change,716425406af494854dfcf20de256a958ade4990b94894fcd36ebc399f80ade9e
measurements/ls6-20261004-011909/part5/relaxed/tsan.status,measurements/ls6-20261004-011909/part5/relaxed/tsan.status,Part 5: relaxed-ordering experiment raw outcomes and experimental change,cf4491ccb1ec05e86fe19285570a2c1c1acccdd198bac76d795745eb103ab3e4
measurements/ls6-20261004-011909/source-checksums.txt,measurements/ls6-20261004-011909/source-checksums.txt,All parts: source-matched correctness and TSan validation and environment,52751a33335723a458e50ab8b8412a1bcaeea417ba4e588540a838c25a1427c1
measurements/ls6-20261004-011909/test.log,measurements/ls6-20261004-011909/test.log,All parts: source-matched correctness and TSan validation and environment,db1615348ed1135fb4abf2d8556b521db1962f36d63a5523b516b23df2143442
measurements/ls6-20261004-011909/topology.csv,measurements/ls6-20261004-011909/topology.csv,All parts: source-matched correctness and TSan validation and environment,3c26cb953c594de20a4daa0fb91909cdd75d13cddedd69b68a8bd231f6e69ab2
measurements/ls6-20261004-011909/tsan.log,measurements/ls6-20261004-011909/tsan.log,All parts: source-matched correctness and TSan validation and environment,2a5e13c7d5d2f72f9db9fcc45df69ce837abd0a7b9328b1fa19e47fb69e83af8
measurements/ls6-20261004-011909/tsan.status,measurements/ls6-20261004-011909/tsan.status,All parts: source-matched correctness and TSan validation and environment,4c996bb938fd473103408224049f0e2e3fee8a1ad75f8784d672b5e40f8335c4
measurements/ls6-20261004-015103/affinity.txt,measurements/ls6-20261004-015103/affinity.txt,"Parts 5-7: selected measurement archive machine, affinity, configuration, and source provenance",3e49650aa02cfac8744a128e35e24bb99376aefd66e85fbb4a67012945fd0c82
measurements/ls6-20261004-015103/allocation.txt,measurements/ls6-20261004-015103/allocation.txt,"Parts 5-7: selected measurement archive machine, affinity, configuration, and source provenance",121bc19396ee5c1e75bb9728813d57775d2f9d6feabb5b7a60e1df7e8c5ed0a9
measurements/ls6-20261004-015103/compiler.txt,measurements/ls6-20261004-015103/compiler.txt,"Parts 5-7: selected measurement archive machine, affinity, configuration, and source provenance",0862052071eec9a502d6d6ff9f72f872d0c61897ff761c39819f12e132dcd370
measurements/ls6-20261004-015103/configuration.txt,measurements/ls6-20261004-015103/configuration.txt,"Parts 5-7: selected measurement archive machine, affinity, configuration, and source provenance",f81ca3ce6cb2e08cbb0f1b178e6b4cfc9c5ecf58bfb3d7912587d3013ddfb1c7
measurements/ls6-20261004-015103/hostname.txt,measurements/ls6-20261004-015103/hostname.txt,"Parts 5-7: selected measurement archive machine, affinity, configuration, and source provenance",877d17e1f88d16860cd178e24c89001693f524d16e09b01d5d43720682324202
measurements/ls6-20261004-015103/lscpu.txt,measurements/ls6-20261004-015103/lscpu.txt,"Parts 5-7: selected measurement archive machine, affinity, configuration, and source provenance",923a718dd96c1c67c6dfe4e98e930f7029ab8af24d57eeb724a2712087f28422
measurements/ls6-20261004-015103/part6/mix-100-0-0_shards-1/sharded_rw.csv,measurements/ls6-20261004-015103/part6/mix-100-0-0_shards-1/sharded_rw.csv,"Part 6: four locks, three mixes, N=1 and N=4096",18c954fa5c2154df3bf656b8e58ff89a4887f348d5a8298c6522f44f718ef10d
measurements/ls6-20261004-015103/part6/mix-100-0-0_shards-1/sharded_rwp.csv,measurements/ls6-20261004-015103/part6/mix-100-0-0_shards-1/sharded_rwp.csv,"Part 6: four locks, three mixes, N=1 and N=4096",2d8e5023ea410bfe2c34bfb1c2c4e36678a2ba809551d44b5baf82fe7feba3bc
measurements/ls6-20261004-015103/part6/mix-100-0-0_shards-1/sharded_shared_mutex.csv,measurements/ls6-20261004-015103/part6/mix-100-0-0_shards-1/sharded_shared_mutex.csv,"Part 6: four locks, three mixes, N=1 and N=4096",f8bb5a0b7b1c241cd54c1d0d3b133200f76021dcb58dffaf05b5a7910372238d
measurements/ls6-20261004-015103/part6/mix-100-0-0_shards-1/sharded_ttas.csv,measurements/ls6-20261004-015103/part6/mix-100-0-0_shards-1/sharded_ttas.csv,"Part 6: four locks, three mixes, N=1 and N=4096",90b245b905365d43a1163decfa7383014ff186345f23d216c5130bebb9bda9be
measurements/ls6-20261004-015103/part6/mix-100-0-0_shards-1/sweep.log,measurements/ls6-20261004-015103/part6/mix-100-0-0_shards-1/sweep.log,"Part 6: four locks, three mixes, N=1 and N=4096 — individual sweep repetitions",6abb5324ebe18dda5e6e2ccf3872fd865dc536a977923f3779027f61c2bffa23
measurements/ls6-20261004-015103/part6/mix-50-25-25_shards-1/sharded_rw.csv,measurements/ls6-20261004-015103/part6/mix-50-25-25_shards-1/sharded_rw.csv,"Part 6: four locks, three mixes, N=1 and N=4096",8ec69521d42d6e9a8d8ea3f7b05e68749dc1748e2cf07dd5f579bf3d2f58c936
measurements/ls6-20261004-015103/part6/mix-50-25-25_shards-1/sharded_rwp.csv,measurements/ls6-20261004-015103/part6/mix-50-25-25_shards-1/sharded_rwp.csv,"Part 6: four locks, three mixes, N=1 and N=4096",6fda5c72dd1a2136eaca306182186037d860d1e1a2b70d4885ec359f13bebbb3
measurements/ls6-20261004-015103/part6/mix-50-25-25_shards-1/sharded_shared_mutex.csv,measurements/ls6-20261004-015103/part6/mix-50-25-25_shards-1/sharded_shared_mutex.csv,"Part 6: four locks, three mixes, N=1 and N=4096",6baa20004994f2a6434896b2025891624510168384aba302789d1852be30a5bd
measurements/ls6-20261004-015103/part6/mix-50-25-25_shards-1/sharded_ttas.csv,measurements/ls6-20261004-015103/part6/mix-50-25-25_shards-1/sharded_ttas.csv,"Part 6: four locks, three mixes, N=1 and N=4096",900c9c0215e60c31aca2485df9ee69d35a8d97d77c4e2818ac11f1879ff44492
measurements/ls6-20261004-015103/part6/mix-50-25-25_shards-1/sweep.log,measurements/ls6-20261004-015103/part6/mix-50-25-25_shards-1/sweep.log,"Part 6: four locks, three mixes, N=1 and N=4096 — individual sweep repetitions",99d2f9ac1648f7154ee0be42d095d31a8a2cbc13ca289de0e176d4e4d0db84a9
measurements/ls6-20261004-015103/part6/mix-80-10-10_shards-1/sharded_rw.csv,measurements/ls6-20261004-015103/part6/mix-80-10-10_shards-1/sharded_rw.csv,"Part 6: four locks, three mixes, N=1 and N=4096",112c7fc32e1051fdfbcd60b93146488f2c3d7089051c6fc00cf6b64537320a45
measurements/ls6-20261004-015103/part6/mix-80-10-10_shards-1/sharded_rwp.csv,measurements/ls6-20261004-015103/part6/mix-80-10-10_shards-1/sharded_rwp.csv,"Part 6: four locks, three mixes, N=1 and N=4096",e16e736fbb6202f243f2b4ccd093b69fca606a9030567981406ab96fda0c3ac7
measurements/ls6-20261004-015103/part6/mix-80-10-10_shards-1/sharded_shared_mutex.csv,measurements/ls6-20261004-015103/part6/mix-80-10-10_shards-1/sharded_shared_mutex.csv,"Part 6: four locks, three mixes, N=1 and N=4096",ae360f672f45e5c6a65b41762ef3696c9313a8def074dc8d5396d216f5edd914
measurements/ls6-20261004-015103/part6/mix-80-10-10_shards-1/sharded_ttas.csv,measurements/ls6-20261004-015103/part6/mix-80-10-10_shards-1/sharded_ttas.csv,"Part 6: four locks, three mixes, N=1 and N=4096",ff2fc5d916e1acbd13892a10b1a6ddac80f6e9f24a5d2eac2a165af3a733d876
measurements/ls6-20261004-015103/part6/mix-80-10-10_shards-1/sweep.log,measurements/ls6-20261004-015103/part6/mix-80-10-10_shards-1/sweep.log,"Part 6: four locks, three mixes, N=1 and N=4096 — individual sweep repetitions",3ff3da7d3684f5e8a42d942dbab4f60d035f8774d0f128b9e9f5d13fffdf7bea
measurements/ls6-20261004-015103/source-checksums.txt,measurements/ls6-20261004-015103/source-checksums.txt,"Parts 5-7: selected measurement archive machine, affinity, configuration, and source provenance",8f1345c53ebd164f94238db464baa5402544ad27ea31410377cdff0a9159c56c
measurements/ls6-20261004-015103/started_at.txt,measurements/ls6-20261004-015103/started_at.txt,"Parts 5-7: selected measurement archive machine, affinity, configuration, and source provenance",62fccbf2608f65e59c4c1b8ce1327be7734abaa48a8bc89f3ccba6b1f4c5aab3
measurements/ls6-20261004-015103/topology.csv,measurements/ls6-20261004-015103/topology.csv,"Parts 5-7: selected measurement archive machine, affinity, configuration, and source provenance",3c26cb953c594de20a4daa0fb91909cdd75d13cddedd69b68a8bd231f6e69ab2
measurements/ls6-20261004-022544/affinity.txt,measurements/ls6-20261004-022544/affinity.txt,"Parts 5-7: selected measurement archive machine, affinity, configuration, and source provenance",051eb684e06c91b1e520639e241a905d5192b3cbac7f120161381e6fae964706
measurements/ls6-20261004-022544/allocation.txt,measurements/ls6-20261004-022544/allocation.txt,"Parts 5-7: selected measurement archive machine, affinity, configuration, and source provenance",83daf3144e717072d5ee2baaf608765f37a4b994fdc6dd921e12c9c6dbdd714f
measurements/ls6-20261004-022544/compiler.txt,measurements/ls6-20261004-022544/compiler.txt,"Parts 5-7: selected measurement archive machine, affinity, configuration, and source provenance",0862052071eec9a502d6d6ff9f72f872d0c61897ff761c39819f12e132dcd370
measurements/ls6-20261004-022544/configuration.txt,measurements/ls6-20261004-022544/configuration.txt,"Parts 5-7: selected measurement archive machine, affinity, configuration, and source provenance",f81ca3ce6cb2e08cbb0f1b178e6b4cfc9c5ecf58bfb3d7912587d3013ddfb1c7
measurements/ls6-20261004-022544/hostname.txt,measurements/ls6-20261004-022544/hostname.txt,"Parts 5-7: selected measurement archive machine, affinity, configuration, and source provenance",006c49f751d4d65455d9efe75b3afb9f3e40b2905282296b7f688dbef87b3f08
measurements/ls6-20261004-022544/lscpu.txt,measurements/ls6-20261004-022544/lscpu.txt,"Parts 5-7: selected measurement archive machine, affinity, configuration, and source provenance",f2b0659b3a07513944eff35a1da09fc64b2fd37315aaf76f2cf8f33c09db66d7
measurements/ls6-20261004-022544/part6/roles_rw_shards-1.txt,measurements/ls6-20261004-022544/part6/roles_rw_shards-1.txt,Part 6: separate reader/writer roles,7961dc1b32623431755bd329995cf3ee14adc6c48231c9b380c297795e59a58e
measurements/ls6-20261004-022544/part6/roles_rwp_shards-1.txt,measurements/ls6-20261004-022544/part6/roles_rwp_shards-1.txt,Part 6: separate reader/writer roles,f8d9d6e8747b1753a1796cce6886385be361563c0746bc9433d2d6d44aaffc8e
measurements/ls6-20261004-022544/part7/hashed_ttas.csv,measurements/ls6-20261004-022544/part7/hashed_ttas.csv,Part 7: padded/unpadded throughput,78d0679fe782c3dd5c659dc2808c15384780632f1c2129f74d662a1f65dd5456
measurements/ls6-20261004-022544/part7/hashed_ttas_nopad.csv,measurements/ls6-20261004-022544/part7/hashed_ttas_nopad.csv,Part 7: padded/unpadded throughput,64a83819a67a0b87add8e455d4b6db8d02b44f29836ec23b53f873f95155d0fa
measurements/ls6-20261004-022544/part7/lock_size.txt,measurements/ls6-20261004-022544/part7/lock_size.txt,Part 7: measured TTAS size and cache-line size,9b3f4c53219275bf57f6c77bca912bd32fd9c48874b74e59957f4ea99a0627de
measurements/ls6-20261004-022544/part7/padding_sweep.log,measurements/ls6-20261004-022544/part7/padding_sweep.log,Part 7: padded/unpadded throughput — individual sweep repetitions,e4bf2b49a2cd6d7cf70e196c985dca780d7463261ce2ef6d807b5a1b49a05eff
measurements/ls6-20261004-022544/part7/sharded_ttas.csv,measurements/ls6-20261004-022544/part7/sharded_ttas.csv,Part 7: padded/unpadded throughput,0a470d1ffa18d79dbea85972a2ac45e99b19fcdf0b1806fdc20e8002c242e298
measurements/ls6-20261004-022544/part7/sharded_ttas_nopad.csv,measurements/ls6-20261004-022544/part7/sharded_ttas_nopad.csv,Part 7: padded/unpadded throughput,1b2e6ed3fb07236dfb8264c210beffe0e6bf387392ca3f5d95577ce344294217
measurements/ls6-20261004-022544/part7/stripe_counts_park.txt,measurements/ls6-20261004-022544/part7/stripe_counts_park.txt,Part 7: TTAS/Parking stripe search,36911b7fc2483829e6db5f6919d9724bc80e0872b1bbe6d36947e4040e6a58ce
measurements/ls6-20261004-022544/part7/stripe_counts_ttas.txt,measurements/ls6-20261004-022544/part7/stripe_counts_ttas.txt,Part 7: TTAS/Parking stripe search,af2e28e54d1f2b9504b85bc3f71c2cfb003dd51a0f14ba8e818bffa8ff5eab36
measurements/ls6-20261004-022544/source-checksums.txt,measurements/ls6-20261004-022544/source-checksums.txt,"Parts 5-7: selected measurement archive machine, affinity, configuration, and source provenance",8f1345c53ebd164f94238db464baa5402544ad27ea31410377cdff0a9159c56c
measurements/ls6-20261004-022544/started_at.txt,measurements/ls6-20261004-022544/started_at.txt,"Parts 5-7: selected measurement archive machine, affinity, configuration, and source provenance",f140f80a7410483455d4035f30147022ead7759432158d741e01f6369890a7cf
measurements/ls6-20261004-022544/topology.csv,measurements/ls6-20261004-022544/topology.csv,"Parts 5-7: selected measurement archive machine, affinity, configuration, and source provenance",3c26cb953c594de20a4daa0fb91909cdd75d13cddedd69b68a8bd231f6e69ab2
measurements/ls6-N4096-20261004-162735/environment/affinity.txt,measurements/ls6-N4096-20261004-162735/environment/affinity.txt,"Parts 5-7: selected measurement archive machine, affinity, configuration, and source provenance",a65a0ff11476e53009054a34840c256520c9079d52d1fe0c6fed00de48994519
measurements/ls6-N4096-20261004-162735/environment/compiler.txt,measurements/ls6-N4096-20261004-162735/environment/compiler.txt,"Parts 5-7: selected measurement archive machine, affinity, configuration, and source provenance",0862052071eec9a502d6d6ff9f72f872d0c61897ff761c39819f12e132dcd370
measurements/ls6-N4096-20261004-162735/environment/configuration.txt,measurements/ls6-N4096-20261004-162735/environment/configuration.txt,"Parts 5-7: selected measurement archive machine, affinity, configuration, and source provenance",e8cb116121986178e49ab41fa6f0ee57dd73205e86d9cda779298e1eaa500445
measurements/ls6-N4096-20261004-162735/environment/finished_at.txt,measurements/ls6-N4096-20261004-162735/environment/finished_at.txt,"Parts 5-7: selected measurement archive machine, affinity, configuration, and source provenance",5f14b29a6f293f6685732b54f5b6102dc65c2a45872e27226aaf0ccd5495ee57
measurements/ls6-N4096-20261004-162735/environment/hostname.txt,measurements/ls6-N4096-20261004-162735/environment/hostname.txt,"Parts 5-7: selected measurement archive machine, affinity, configuration, and source provenance",8296acaa78d29375082dd64f81d6db1b59e308f3d0780df906b07d471ed3b04b
measurements/ls6-N4096-20261004-162735/environment/job_id.txt,measurements/ls6-N4096-20261004-162735/environment/job_id.txt,"Parts 5-7: selected measurement archive machine, affinity, configuration, and source provenance",ffb138c3d1a41a691a3ea522a198098de52f13cb19247e47f9d8f71cf111d0ec
measurements/ls6-N4096-20261004-162735/environment/lscpu.txt,measurements/ls6-N4096-20261004-162735/environment/lscpu.txt,"Parts 5-7: selected measurement archive machine, affinity, configuration, and source provenance",1cd3aa3136be89bb2a16ed4d7c39dbd987408d865b8fc1b9d7baee8cf359ece3
measurements/ls6-N4096-20261004-162735/environment/modules.txt,measurements/ls6-N4096-20261004-162735/environment/modules.txt,"Parts 5-7: selected measurement archive machine, affinity, configuration, and source provenance",cc433c5e136f08f028e1b8892915985701da27d4f473eef6dc7ba22abf5a4a41
measurements/ls6-N4096-20261004-162735/environment/source-checksums.txt,measurements/ls6-N4096-20261004-162735/environment/source-checksums.txt,"Parts 5-7: selected measurement archive machine, affinity, configuration, and source provenance",52751a33335723a458e50ab8b8412a1bcaeea417ba4e588540a838c25a1427c1
measurements/ls6-N4096-20261004-162735/environment/started_at.txt,measurements/ls6-N4096-20261004-162735/environment/started_at.txt,"Parts 5-7: selected measurement archive machine, affinity, configuration, and source provenance",1258b0e4d38cd88c1cd734f5bcd53cf5bd1ff3cd51a5ba97d8211005f933b82d
measurements/ls6-N4096-20261004-162735/environment/topology.csv,measurements/ls6-N4096-20261004-162735/environment/topology.csv,"Parts 5-7: selected measurement archive machine, affinity, configuration, and source provenance",3c26cb953c594de20a4daa0fb91909cdd75d13cddedd69b68a8bd231f6e69ab2
measurements/ls6-N4096-20261004-162735/part5/oversubscribed_mutex_N4096.txt,measurements/ls6-N4096-20261004-162735/part5/oversubscribed_mutex_N4096.txt,Part 5: N=4096 oversubscription counters,91192b8f0697aaae05667e27a85ed5884886a3238ed00a4a5113428ce949d26a
measurements/ls6-N4096-20261004-162735/part5/oversubscribed_park_N4096.txt,measurements/ls6-N4096-20261004-162735/part5/oversubscribed_park_N4096.txt,Part 5: N=4096 oversubscription counters,239ec42d468045c7bfbc6b76d2722015d16cacbd16ede01440e32c6e15992bb5
measurements/ls6-N4096-20261004-162735/part5/oversubscribed_tas_N4096.txt,measurements/ls6-N4096-20261004-162735/part5/oversubscribed_tas_N4096.txt,Part 5: N=4096 oversubscription counters,5096d474e33c38f14437fb5d3fea0f05b68e3434a813fa90c88dc4df31fdafe7
measurements/ls6-N4096-20261004-162735/part5/oversubscribed_ticket_N4096.txt,measurements/ls6-N4096-20261004-162735/part5/oversubscribed_ticket_N4096.txt,Part 5: N=4096 oversubscription counters,1c43afdee0ba96d20415bdd2108ef5ca821bec99d0a9e6bb8214ff599e1ec69f
measurements/ls6-N4096-20261004-162735/part5/oversubscribed_ttas_N4096.txt,measurements/ls6-N4096-20261004-162735/part5/oversubscribed_ttas_N4096.txt,Part 5: N=4096 oversubscription counters,6e5bcd3fd5e9776b8d398d5eebe9ece76a68e9e1d79f428f7252fc71dd113338
measurements/ls6-N4096-20261004-162735/part6/mix-100-0-0_shards-4096/sharded_rw.csv,measurements/ls6-N4096-20261004-162735/part6/mix-100-0-0_shards-4096/sharded_rw.csv,"Part 6: four locks, three mixes, N=1 and N=4096",d80a2fcba86fe6fc5dbbe2a85a1cb2e01ba31afae456819dc9c21f1be7c6d641
measurements/ls6-N4096-20261004-162735/part6/mix-100-0-0_shards-4096/sharded_rwp.csv,measurements/ls6-N4096-20261004-162735/part6/mix-100-0-0_shards-4096/sharded_rwp.csv,"Part 6: four locks, three mixes, N=1 and N=4096",f9572a3452aee3d5f681a9275a819b1d0acb73edcce302b2953c0e72b9d6f033
measurements/ls6-N4096-20261004-162735/part6/mix-100-0-0_shards-4096/sharded_shared_mutex.csv,measurements/ls6-N4096-20261004-162735/part6/mix-100-0-0_shards-4096/sharded_shared_mutex.csv,"Part 6: four locks, three mixes, N=1 and N=4096",651dc37b6ac1adafdbb4690b374e4a64e390b234d5ccf81f14c9350ce108d659
measurements/ls6-N4096-20261004-162735/part6/mix-100-0-0_shards-4096/sharded_ttas.csv,measurements/ls6-N4096-20261004-162735/part6/mix-100-0-0_shards-4096/sharded_ttas.csv,"Part 6: four locks, three mixes, N=1 and N=4096",143674194502b6f78b24a475c7203d6ec9e60ea5eceb854d0f03c9ba4876baa8
measurements/ls6-N4096-20261004-162735/part6/mix-100-0-0_shards-4096/sweep.log,measurements/ls6-N4096-20261004-162735/part6/mix-100-0-0_shards-4096/sweep.log,"Part 6: four locks, three mixes, N=1 and N=4096 — individual sweep repetitions",1e3af8d0782c1ee359f95d913bfbf40bf126eaed4ed0e97e472d67848585cce9
measurements/ls6-N4096-20261004-162735/part6/mix-50-25-25_shards-4096/sharded_rw.csv,measurements/ls6-N4096-20261004-162735/part6/mix-50-25-25_shards-4096/sharded_rw.csv,"Part 6: four locks, three mixes, N=1 and N=4096",fd39a4adc454e775105ac6d5d1ec52601de3512015a0f5708d3721269e784c4e
measurements/ls6-N4096-20261004-162735/part6/mix-50-25-25_shards-4096/sharded_rwp.csv,measurements/ls6-N4096-20261004-162735/part6/mix-50-25-25_shards-4096/sharded_rwp.csv,"Part 6: four locks, three mixes, N=1 and N=4096",dda172f1d30062544dd112ca7fa61eb6ee23437901cd4307365cac76122dbc15
measurements/ls6-N4096-20261004-162735/part6/mix-50-25-25_shards-4096/sharded_shared_mutex.csv,measurements/ls6-N4096-20261004-162735/part6/mix-50-25-25_shards-4096/sharded_shared_mutex.csv,"Part 6: four locks, three mixes, N=1 and N=4096",0e1a49cc7243f8b4078941ade00b7627558897f19c8ddfa426ef5d0410520f88
measurements/ls6-N4096-20261004-162735/part6/mix-50-25-25_shards-4096/sharded_ttas.csv,measurements/ls6-N4096-20261004-162735/part6/mix-50-25-25_shards-4096/sharded_ttas.csv,"Part 6: four locks, three mixes, N=1 and N=4096",70958a909ce53d71620e36bd291f56daf9259d5d57f4c621db169ef204fd3a8c
measurements/ls6-N4096-20261004-162735/part6/mix-50-25-25_shards-4096/sweep.log,measurements/ls6-N4096-20261004-162735/part6/mix-50-25-25_shards-4096/sweep.log,"Part 6: four locks, three mixes, N=1 and N=4096 — individual sweep repetitions",90a7dec18fd0e5c133dfc28cb592e7c670c194b07f28277202364e31b2f4e128
measurements/ls6-N4096-20261004-162735/part6/mix-80-10-10_shards-4096/sharded_rw.csv,measurements/ls6-N4096-20261004-162735/part6/mix-80-10-10_shards-4096/sharded_rw.csv,"Part 6: four locks, three mixes, N=1 and N=4096",9fe3ff13a74f7c284a9bd132aeecefc7ad56d21cd087f4eed31e50b86d338efe
measurements/ls6-N4096-20261004-162735/part6/mix-80-10-10_shards-4096/sharded_rwp.csv,measurements/ls6-N4096-20261004-162735/part6/mix-80-10-10_shards-4096/sharded_rwp.csv,"Part 6: four locks, three mixes, N=1 and N=4096",aa001c290c2a42872e27cf4b030d6bb2648c2119b71b627a5b9425229471f64c
measurements/ls6-N4096-20261004-162735/part6/mix-80-10-10_shards-4096/sharded_shared_mutex.csv,measurements/ls6-N4096-20261004-162735/part6/mix-80-10-10_shards-4096/sharded_shared_mutex.csv,"Part 6: four locks, three mixes, N=1 and N=4096",0bfa01cbd8209a3351494c7fe083a5f6b47b3fc26918dfae173519f268fd2717
measurements/ls6-N4096-20261004-162735/part6/mix-80-10-10_shards-4096/sharded_ttas.csv,measurements/ls6-N4096-20261004-162735/part6/mix-80-10-10_shards-4096/sharded_ttas.csv,"Part 6: four locks, three mixes, N=1 and N=4096",6780e663bc0e166e65a8af2bed6c7510c1b9080229d35c3ae37c0924c5f17028
measurements/ls6-N4096-20261004-162735/part6/mix-80-10-10_shards-4096/sweep.log,measurements/ls6-N4096-20261004-162735/part6/mix-80-10-10_shards-4096/sweep.log,"Part 6: four locks, three mixes, N=1 and N=4096 — individual sweep repetitions",dea4686e8084b10c9fafa10a239e0c156bfbac7fb0499fa6bf1354c991a8dc0a
measurements/ls6-N4096-20261004-162735/part6/roles_rw_shards-4096.txt,measurements/ls6-N4096-20261004-162735/part6/roles_rw_shards-4096.txt,Part 6: separate reader/writer roles,9c7ff1b4d3317e10126ad2918221e0d95ae24eca466eb3f50fa52369ea1846e0
measurements/ls6-N4096-20261004-162735/part6/roles_rwp_shards-4096.txt,measurements/ls6-N4096-20261004-162735/part6/roles_rwp_shards-4096.txt,Part 6: separate reader/writer roles,3b7327327dacd87a1ef873ced666c5c9a33b555c4831d9803b75bfe254b37a7b
measurements/ls6-N4096-20261004-162735/part7/buckets_131072_N4096.txt,measurements/ls6-N4096-20261004-162735/part7/buckets_131072_N4096.txt,Part 7: N=L=4096 bucket sweep,140a377d6eea552267820c64f0e252fde277a343108d49405d1b6b69921a43f8
measurements/ls6-N4096-20261004-162735/part7/buckets_131072_N4096_perf.txt,measurements/ls6-N4096-20261004-162735/part7/buckets_131072_N4096_perf.txt,Part 7: bucket counters and chain-length fit,26b51606974bfd6e87fc08577cd73f863d1ea8df94d51e13d9223d3b44060b1e
measurements/ls6-N4096-20261004-162735/part7/buckets_2048_N4096.txt,measurements/ls6-N4096-20261004-162735/part7/buckets_2048_N4096.txt,Part 7: N=L=4096 bucket sweep,c5d1827892eb63b5fbd565bf392c0a2806799c2d450f2b5bad0b34b1cafad53e
measurements/ls6-N4096-20261004-162735/part7/buckets_2048_N4096_perf.txt,measurements/ls6-N4096-20261004-162735/part7/buckets_2048_N4096_perf.txt,Part 7: bucket counters and chain-length fit,04424948bebb5fa603fa19d5281c9dc26073f03cd747aa713a754b6d1e1c582a
measurements/ls6-N4096-20261004-162735/part7/buckets_2097152_N4096.txt,measurements/ls6-N4096-20261004-162735/part7/buckets_2097152_N4096.txt,Part 7: N=L=4096 bucket sweep,79c45c6219d5032fea807af5f74573772425f967fb3b7e92487b6e98f529c94e
measurements/ls6-N4096-20261004-162735/part7/buckets_2097152_N4096_perf.txt,measurements/ls6-N4096-20261004-162735/part7/buckets_2097152_N4096_perf.txt,Part 7: bucket counters and chain-length fit,498d6bd9b7bec631fbbdc0daacc4db6457447652aa8af1e291e6321fe2276af2
measurements/ls6-N4096-20261004-162735/part7/buckets_32768_N4096.txt,measurements/ls6-N4096-20261004-162735/part7/buckets_32768_N4096.txt,Part 7: N=L=4096 bucket sweep,9ae7c7bea3b04533f586a2e6f9f3312df425f863ae5dd659bfd16827ee5fbfda
measurements/ls6-N4096-20261004-162735/part7/buckets_32768_N4096_perf.txt,measurements/ls6-N4096-20261004-162735/part7/buckets_32768_N4096_perf.txt,Part 7: bucket counters and chain-length fit,25a7c5d1a0b471eb24d3340c0d10f31a595faaec4af32075710058aebf58ff24
measurements/ls6-N4096-20261004-162735/part7/buckets_524288_N4096.txt,measurements/ls6-N4096-20261004-162735/part7/buckets_524288_N4096.txt,Part 7: N=L=4096 bucket sweep,ac5ee56926d534dc7e0fe629ff6fd2e90a05335d403d29b3ffbcddb355fad852
measurements/ls6-N4096-20261004-162735/part7/buckets_524288_N4096_perf.txt,measurements/ls6-N4096-20261004-162735/part7/buckets_524288_N4096_perf.txt,Part 7: bucket counters and chain-length fit,764135834c7e114e4a13bad271085d0c998ecc2d229852e94aba8a00b1f7a642
measurements/ls6-N4096-20261004-162735/part7/buckets_8192_N4096.txt,measurements/ls6-N4096-20261004-162735/part7/buckets_8192_N4096.txt,Part 7: N=L=4096 bucket sweep,b75b8d342efade6cc62ee1e8d6cd917069aaec5e6356107f59c2175a091b8152
measurements/ls6-N4096-20261004-162735/part7/buckets_8192_N4096_perf.txt,measurements/ls6-N4096-20261004-162735/part7/buckets_8192_N4096_perf.txt,Part 7: bucket counters and chain-length fit,4e22291ccfd977278df0d41fd38d22b75cf32a13e6b5fdeaef2c7c68bde5c420
measurements/ls6-N4096-20261004-162735/part7/tree_baseline_N4096.txt,measurements/ls6-N4096-20261004-162735/part7/tree_baseline_N4096.txt,Part 7: matching N=4096 tree baseline,eab147a8acb0b26f51e77641f0863a6b2721e4e7b28d0bd8d62842b582e583f8
measurements/ls6-N4096-part5-followup-20261004-170751/environment/affinity.txt,measurements/ls6-N4096-part5-followup-20261004-170751/environment/affinity.txt,"Parts 5-7: selected measurement archive machine, affinity, configuration, and source provenance",eee3cf7a764c38787d8c2fe5d7bff532f8631291e8e633b4da973ca032f87a61
measurements/ls6-N4096-part5-followup-20261004-170751/environment/compiler.txt,measurements/ls6-N4096-part5-followup-20261004-170751/environment/compiler.txt,"Parts 5-7: selected measurement archive machine, affinity, configuration, and source provenance",0862052071eec9a502d6d6ff9f72f872d0c61897ff761c39819f12e132dcd370
measurements/ls6-N4096-part5-followup-20261004-170751/environment/configuration.txt,measurements/ls6-N4096-part5-followup-20261004-170751/environment/configuration.txt,"Parts 5-7: selected measurement archive machine, affinity, configuration, and source provenance",e8cb116121986178e49ab41fa6f0ee57dd73205e86d9cda779298e1eaa500445
measurements/ls6-N4096-part5-followup-20261004-170751/environment/finished_at.txt,measurements/ls6-N4096-part5-followup-20261004-170751/environment/finished_at.txt,"Parts 5-7: selected measurement archive machine, affinity, configuration, and source provenance",e1bdfc37930855612e61b52a2d38b53478cf005167b3e788d0ead80ed39949f3
measurements/ls6-N4096-part5-followup-20261004-170751/environment/hostname.txt,measurements/ls6-N4096-part5-followup-20261004-170751/environment/hostname.txt,"Parts 5-7: selected measurement archive machine, affinity, configuration, and source provenance",cabd5aab5bc8616df4653f45fbbcf3052a884022b920662f32c23a940a89b42d
measurements/ls6-N4096-part5-followup-20261004-170751/environment/job_id.txt,measurements/ls6-N4096-part5-followup-20261004-170751/environment/job_id.txt,"Parts 5-7: selected measurement archive machine, affinity, configuration, and source provenance",62f7efefe23ce2590de03ebeeb55ffd2aac2676a1444be571fa2e6523ce73f08
measurements/ls6-N4096-part5-followup-20261004-170751/environment/lscpu.txt,measurements/ls6-N4096-part5-followup-20261004-170751/environment/lscpu.txt,"Parts 5-7: selected measurement archive machine, affinity, configuration, and source provenance",5fbb65888d8dc171074eef9d5d455e5464ffff0cf3c560b484148a8808489233
measurements/ls6-N4096-part5-followup-20261004-170751/environment/modules.txt,measurements/ls6-N4096-part5-followup-20261004-170751/environment/modules.txt,"Parts 5-7: selected measurement archive machine, affinity, configuration, and source provenance",cc433c5e136f08f028e1b8892915985701da27d4f473eef6dc7ba22abf5a4a41
measurements/ls6-N4096-part5-followup-20261004-170751/environment/source-checksums.txt,measurements/ls6-N4096-part5-followup-20261004-170751/environment/source-checksums.txt,"Parts 5-7: selected measurement archive machine, affinity, configuration, and source provenance",52751a33335723a458e50ab8b8412a1bcaeea417ba4e588540a838c25a1427c1
measurements/ls6-N4096-part5-followup-20261004-170751/environment/started_at.txt,measurements/ls6-N4096-part5-followup-20261004-170751/environment/started_at.txt,"Parts 5-7: selected measurement archive machine, affinity, configuration, and source provenance",9a35590f80b9dc7c3d0ce49518e13aba090343dd3825904fb43646f36027757f
measurements/ls6-N4096-part5-followup-20261004-170751/environment/topology.csv,measurements/ls6-N4096-part5-followup-20261004-170751/environment/topology.csv,"Parts 5-7: selected measurement archive machine, affinity, configuration, and source provenance",3c26cb953c594de20a4daa0fb91909cdd75d13cddedd69b68a8bd231f6e69ab2
measurements/ls6-N4096-part5-followup-20261004-170751/part5/five_lock_N4096_sweep.log,measurements/ls6-N4096-part5-followup-20261004-170751/part5/five_lock_N4096_sweep.log,Part 5: five-lock N=4096 sweep — individual sweep repetitions,13dbb8c11928ed576231cca133728bfe4508b7bebaa3f356a00665ecff9e8d12
measurements/ls6-N4096-part5-followup-20261004-170751/part5/sharded_mutex_part_5.csv,measurements/ls6-N4096-part5-followup-20261004-170751/part5/sharded_mutex.csv,Part 5: five-lock N=4096 sweep,b74b6fa52e993f473850edd41b9240299af0b79039c8e3315aadf13f73f01986
measurements/ls6-N4096-part5-followup-20261004-170751/part5/sharded_park.csv,measurements/ls6-N4096-part5-followup-20261004-170751/part5/sharded_park.csv,Part 5: five-lock N=4096 sweep,f5611bdc86c02dfe1455b18db780492d5bbeb504971d513fac0b7584c5297cc2
measurements/ls6-N4096-part5-followup-20261004-170751/part5/sharded_tas.csv,measurements/ls6-N4096-part5-followup-20261004-170751/part5/sharded_tas.csv,Part 5: five-lock N=4096 sweep,823b065d703188befd758c0d19a6f31c6265333f9266c8c7c241e6e95d29dd94
measurements/ls6-N4096-part5-followup-20261004-170751/part5/sharded_ticket.csv,measurements/ls6-N4096-part5-followup-20261004-170751/part5/sharded_ticket.csv,Part 5: five-lock N=4096 sweep,85ae06332700334c4aeac3fca2225b3a5a23647406b0357828474c1ac62a7e3a
measurements/ls6-N4096-part5-followup-20261004-170751/part5/sharded_ttas.csv,measurements/ls6-N4096-part5-followup-20261004-170751/part5/sharded_ttas.csv,Part 5: five-lock N=4096 sweep,4c48567ad41d133f7492e2df6c4e2067512851d4b386c5ff8bb54fad10df8be6
measurements/ls6-part4-followup-20261004-131537/affinity.txt,measurements/ls6-part4-followup-20261004-131537/affinity.txt,"Parts 5-7: selected measurement archive machine, affinity, configuration, and source provenance",178d578d7c9e21372e2e113f0576c74e2b3e4b8ee439ba7815fc69daf4e9fbb5
measurements/ls6-part4-followup-20261004-131537/allocation.txt,measurements/ls6-part4-followup-20261004-131537/allocation.txt,"Parts 5-7: selected measurement archive machine, affinity, configuration, and source provenance",a554c72c7e3dd7865f17dcbcacc99bac5d0d1d4be14d5df2f255b129984b2077
measurements/ls6-part4-followup-20261004-131537/compiler.txt,measurements/ls6-part4-followup-20261004-131537/compiler.txt,"Parts 5-7: selected measurement archive machine, affinity, configuration, and source provenance",0862052071eec9a502d6d6ff9f72f872d0c61897ff761c39819f12e132dcd370
measurements/ls6-part4-followup-20261004-131537/configuration.txt,measurements/ls6-part4-followup-20261004-131537/configuration.txt,"Parts 5-7: selected measurement archive machine, affinity, configuration, and source provenance",8ad52a4f98413ca883bffacb3e4d42489334be17529edd28ced5c0737029c85f
measurements/ls6-part4-followup-20261004-131537/finished_at.txt,measurements/ls6-part4-followup-20261004-131537/finished_at.txt,"Parts 5-7: selected measurement archive machine, affinity, configuration, and source provenance",dfab03c44656ec9826621014e11d9aba4bdbe81137745facdba1915eaf90ad59
measurements/ls6-part4-followup-20261004-131537/hostname.txt,measurements/ls6-part4-followup-20261004-131537/hostname.txt,"Parts 5-7: selected measurement archive machine, affinity, configuration, and source provenance",e423eef4ddb822290dc110f326a5ac6e2120affcf81638f469f669079482cbce
measurements/ls6-part4-followup-20261004-131537/lscpu.txt,measurements/ls6-part4-followup-20261004-131537/lscpu.txt,"Parts 5-7: selected measurement archive machine, affinity, configuration, and source provenance",aa9787d2bb7365a3619b497af4f49f4f61dac7cd150e51f7a07e8f9d5bd0e6a1
measurements/ls6-part4-followup-20261004-131537/part4/shard_counts_mutex.txt,measurements/ls6-part4-followup-20261004-131537/part4/shard_counts_mutex.txt,Parts 4–5: same-node mutex/TTAS/Parking shard search,7fc6aa018e57bbf995d0749ad4c58334c8ab5a0b02e40695a669ba8d2b5d9b43
measurements/ls6-part4-followup-20261004-131537/part4/shard_counts_park.txt,measurements/ls6-part4-followup-20261004-131537/part4/shard_counts_park.txt,Parts 4–5: same-node mutex/TTAS/Parking shard search,ea0b58e8e4a15c818952fa966d70776f8b10a958d0cde7141bfe0355c41cd5a1
measurements/ls6-part4-followup-20261004-131537/part4/shard_counts_ttas.txt,measurements/ls6-part4-followup-20261004-131537/part4/shard_counts_ttas.txt,Parts 4–5: same-node mutex/TTAS/Parking shard search,a0ba7a753bdd72350cc31c317700c0c1965f78c136e61dca4161f39998b70d59
measurements/ls6-part4-followup-20261004-131537/perf-version.txt,measurements/ls6-part4-followup-20261004-131537/perf-version.txt,"Parts 5-7: selected measurement archive machine, affinity, configuration, and source provenance",ce06048e110791a2bdd33578e6c7876823921bf858b46d90c7591d1fa6003173
measurements/ls6-part4-followup-20261004-131537/source-checksums.txt,measurements/ls6-part4-followup-20261004-131537/source-checksums.txt,"Parts 5-7: selected measurement archive machine, affinity, configuration, and source provenance",52751a33335723a458e50ab8b8412a1bcaeea417ba4e588540a838c25a1427c1
measurements/ls6-part4-followup-20261004-131537/started_at.txt,measurements/ls6-part4-followup-20261004-131537/started_at.txt,"Parts 5-7: selected measurement archive machine, affinity, configuration, and source provenance",360868ab7dd2c4e8a86a3c06ff2cdf7fa88134584e8e19a076cfc79d90cd2b0d
measurements/ls6-part4-followup-20261004-131537/topology.csv,measurements/ls6-part4-followup-20261004-131537/topology.csv,"Parts 5-7: selected measurement archive machine, affinity, configuration, and source provenance",3c26cb953c594de20a4daa0fb91909cdd75d13cddedd69b68a8bd231f6e69ab2
part2/results/allocation.txt,part2/results/allocation.txt,Part 2: Lonestar6 measurement environment and affinity,564c376807df2e46dd1ae7216beeab91540ae224c3782c511c85f591dfeec9c9
part2/results/coarse.csv,part2/results/coarse.csv,Part 2: coarse curve,e30547b057526b34dac754b4235cb98e89e996c5bc956452f7ca0482e5c12148
part2/results/cpu_topology.csv,part2/results/cpu_topology.csv,Part 2: Lonestar6 measurement environment and affinity,3c26cb953c594de20a4daa0fb91909cdd75d13cddedd69b68a8bd231f6e69ab2
part2/results/hostname.txt,part2/results/hostname.txt,Part 2: Lonestar6 measurement environment and affinity,8296acaa78d29375082dd64f81d6db1b59e308f3d0780df906b07d471ed3b04b
part2/results/lscpu.txt,part2/results/lscpu.txt,Part 2: Lonestar6 measurement environment and affinity,1cd3aa3136be89bb2a16ed4d7c39dbd987408d865b8fc1b9d7baee8cf359ece3
part2/results/started_at.txt,part2/results/started_at.txt,Part 2: Lonestar6 measurement environment and affinity,47d71d3f6002bf46990fde7dd64f07ef377fe12865606fa07d3d382ea5eea980
part2/results/sweep.log,part2/results/sweep.log,Part 2: coarse sweep repetitions and pin order,582bf686ab93c4d1f0ef922e19597d5359b0a937fd5ef1e7dafbedaf4d617431
part3/results/coarse_T1.txt,part3/results/coarse_T1.txt,"Part 3: earlier Lonestar6 counters without HITM; supplementary, not the Frontera report table",4d5edaab2ec5ffe23895711a9a04fa9f345d376a5390511c958f9068a59200ac
part3/results/coarse_T28.txt,part3/results/coarse_T28.txt,"Part 3: earlier Lonestar6 counters without HITM; supplementary, not the Frontera report table",e433e78842fcdd277404218595f011b54d0ace161829f0ac68e9d84d40cd8eb2
part3/results/coarse_T8.txt,part3/results/coarse_T8.txt,"Part 3: earlier Lonestar6 counters without HITM; supplementary, not the Frontera report table",afdb10214beb720dfc1ecbfb1249ec3431f9b947ed91254fd22e2a6f4c4f3256
part3/results_frontera/coarse_T1.txt,part3/results_frontera/coarse_T1.txt,Part 3: Frontera counters including HITM and measurement metadata,3c9cca8d8f21f20896e907412e0455d6c105efa54a3d9e089940a9bf21ea59ba
part3/results_frontera/coarse_T28.txt,part3/results_frontera/coarse_T28.txt,Part 3: Frontera counters including HITM and measurement metadata,22dfc033a573d7ba2fc8d695762ca7bb6c186e251b0a89c8a7f18f57580b6836
part3/results_frontera/coarse_T8.txt,part3/results_frontera/coarse_T8.txt,Part 3: Frontera counters including HITM and measurement metadata,d362dcee5a8822599d689af3635dc56ddd67c3551d350e7d00d48b99318d98af
part3/results_frontera/compiler.txt,part3/results_frontera/compiler.txt,Part 3: Frontera counters including HITM and measurement metadata,a1c446045ee57c6312d7170dd9a428b513e81f6d28978e589cdfa3aabce4c9b1
part3/results_frontera/cpu_topology.csv,part3/results_frontera/cpu_topology.csv,Part 3: Frontera counters including HITM and measurement metadata,d50731b558bb884aaa55dfbd0715165ceb9d27e6de76aeeef597065f86bf7dc7
part3/results_frontera/event_check.txt,part3/results_frontera/event_check.txt,Part 3: Frontera counters including HITM and measurement metadata,1d8ab8ed8de74c2552f543855b1f908082b9bc10d8d5e9c5c5369fe547e3e341
part3/results_frontera/hostname.txt,part3/results_frontera/hostname.txt,Part 3: Frontera counters including HITM and measurement metadata,758b4f138614a553a6a8b1a5974ed44c88a53f927bf3054884d93e21de0b3da8
part3/results_frontera/lscpu.txt,part3/results_frontera/lscpu.txt,Part 3: Frontera counters including HITM and measurement metadata,6bb84dc44d94bcf09086b39b286106baf5cfd9bc09ce80d1ab1949219640b1ea
part3/results_frontera/part3_table.csv,part3/results_frontera/part3_table.csv,Part 3: derived report table; raw counters in matching coarse_T*.txt,5b16c42f431c81357e5a397f7bfb57395228ffef0adc5819c05a8987cd2cc36f
part3/results_frontera/perf_events.txt,part3/results_frontera/perf_events.txt,Part 3: Frontera counters including HITM and measurement metadata,9c3869e9dc51033bde085804065ce4f70a0ed14420ef7e90d2fce79342ca1f59
part3/results_frontera/perf_version.txt,part3/results_frontera/perf_version.txt,Part 3: Frontera counters including HITM and measurement metadata,517143f11bbfe097918346a09a03e2216c7ac7a255250f43959adb4e2ec9fae4
part3/results_frontera/settings.txt,part3/results_frontera/settings.txt,Part 3: Frontera counters including HITM and measurement metadata,3d5e66a804649330730c9566e12663acbf7b876231a6b22fa5821828cf2283e4
part3/results_frontera/started_at.txt,part3/results_frontera/started_at.txt,Part 3: Frontera counters including HITM and measurement metadata,86e9aa18c0d1924baf47ded21cf399b40ac4f93ab5e02e55033748bbbe403e50
part3/results_frontera/warmup_check.txt,part3/results_frontera/warmup_check.txt,Part 3: Frontera counters including HITM and measurement metadata,b03e264a8b2ea1bdd865aeb6215ff0ef6da43f9ab427c1a62ffdf2da5466ae39
part4/results/coarse.csv,part4/results/coarse.csv,Part 4: matched coarse versus N=256 sharded curve,d0df9e4e64c0d57e420f8e4ab2aaa7bf3d51caf434e8065fa32add18a28ce968
part4/results/hostname.txt,part4/results/hostname.txt,Part 4: Lonestar6 shard-count repetitions and environment,99752f3b4cc13eed15d058deac38989e8070139d4eafd53519e61ad00467a6da
part4/results/lscpu.txt,part4/results/lscpu.txt,Part 4: Lonestar6 shard-count repetitions and environment,d2cdab0783c6c3d036c609dbad80b71b616b39e680b6cc637197dd20db8ebb00
part4/results/shard_counts.csv,part4/results/shard_counts.csv,Part 4: derived shard-count summary; repetitions in shard_counts.txt,43197dc7be42f8290f8cb595cc9f6a8a18343666065383d37109b84eedf54681
part4/results/shard_counts.txt,part4/results/shard_counts.txt,Part 4: Lonestar6 shard-count repetitions and environment,3b422eddd66258e7594faff71177b26f01cebe794bacc08a59316e6c7d281546
part4/results/sharded_mutex_part_4.csv,part4/results/sharded_mutex.csv,Part 4: matched coarse versus N=256 sharded curve,8c14572ddf802161f4d4cc1c3d1c4e2492e994ece29a6893983fea286c7f593b
part4/results/started_at.txt,part4/results/started_at.txt,Part 4: Lonestar6 shard-count repetitions and environment,5da129b4f4eefc13c087bfb63258b7288c691347a7c6eab25ec5ba7508984705
part4/results/sweep.log,part4/results/sweep.log,Part 4: matched sweep repetitions and pin order,214acd654026633242fd502f34a360ffc696222c498f2c68716dfa31f333a940
part4/results/test.log,part4/results/test.log,Parts 1 and 4: saved correctness/ThreadSanitizer checks from the Part 4 run,a2469683055bed61d4f3bc9d7e774c65fcadaa8a38430f35e81e97d688c6f72b
part4/results/tsan.log,part4/results/tsan.log,Parts 1 and 4: saved correctness/ThreadSanitizer checks from the Part 4 run,c76dfee7560d5a73f91b4d044d5fb8a3e59c5f1f345f4c0d3f3a2d1e8c99acca
